seqID,JNET_acc,HMM_acc,PSSM_acc,JNET_sov,HMM_sov,PSSM_sov
24704_0     24704
24704_1     24704
24704_2     24704
24704_3     24704
24704_4     24704
            ...  
24704_76    24704
24704_77    24704
24704_78    24704
24704_79    24704
24704_80    24704
Name: seqID, Length: 81, dtype: object,92.59,95.06,92.59,98.97,98.97,100.00
24705_0      24705
24705_1      24705
24705_2      24705
24705_3      24705
24705_4      24705
             ...  
24705_240    24705
24705_241    24705
24705_242    24705
24705_243    24705
24705_244    24705
Name: seqID, Length: 245, dtype: object,85.71,83.67,85.31,78.38,75.36,83.42
24721_0     24721
24721_1     24721
24721_2     24721
24721_3     24721
24721_4     24721
24721_5     24721
24721_6     24721
24721_7     24721
24721_8     24721
24721_9     24721
24721_10    24721
24721_11    24721
24721_12    24721
24721_13    24721
24721_14    24721
24721_15    24721
24721_16    24721
24721_17    24721
24721_18    24721
24721_19    24721
24721_20    24721
24721_21    24721
24721_22    24721
24721_23    24721
24721_24    24721
24721_25    24721
24721_26    24721
24721_27    24721
24721_28    24721
24721_29    24721
24721_30    24721
24721_31    24721
24721_32    24721
24721_33    24721
24721_34    24721
24721_35    24721
24721_36    24721
24721_37    24721
24721_38    24721
24721_39    24721
24721_40    24721
24721_41    24721
24721_42    24721
24721_43    24721
24721_44    24721
24721_45    24721
24721_46    24721
24721_47    24721
24721_48    24721
24721_49    24721
24721_50    24721
Name: seqID, dtype: object,64.71,72.55,62.75,56.94,50.49,63.12
24755_0     24755
24755_1     24755
24755_2     24755
24755_3     24755
24755_4     24755
            ...  
24755_65    24755
24755_66    24755
24755_67    24755
24755_68    24755
24755_69    24755
Name: seqID, Length: 70, dtype: object,84.29,84.29,78.57,79.43,66.67,72.77
24761_0     24761
24761_1     24761
24761_2     24761
24761_3     24761
24761_4     24761
24761_5     24761
24761_6     24761
24761_7     24761
24761_8     24761
24761_9     24761
24761_10    24761
24761_11    24761
24761_12    24761
24761_13    24761
24761_14    24761
24761_15    24761
24761_16    24761
24761_17    24761
24761_18    24761
24761_19    24761
24761_20    24761
24761_21    24761
24761_22    24761
24761_23    24761
24761_24    24761
24761_25    24761
24761_26    24761
24761_27    24761
24761_28    24761
24761_29    24761
24761_30    24761
24761_31    24761
24761_32    24761
24761_33    24761
24761_34    24761
24761_35    24761
24761_36    24761
24761_37    24761
24761_38    24761
24761_39    24761
24761_40    24761
24761_41    24761
24761_42    24761
24761_43    24761
24761_44    24761
24761_45    24761
24761_46    24761
24761_47    24761
24761_48    24761
24761_49    24761
24761_50    24761
24761_51    24761
24761_52    24761
24761_53    24761
Name: seqID, dtype: object,88.89,83.33,88.89,92.33,84.57,92.33
24787_0      24787
24787_1      24787
24787_2      24787
24787_3      24787
24787_4      24787
             ...  
24787_153    24787
24787_154    24787
24787_155    24787
24787_156    24787
24787_157    24787
Name: seqID, Length: 158, dtype: object,82.28,84.18,78.48,80.61,81.74,73.93
24791_0     24791
24791_1     24791
24791_2     24791
24791_3     24791
24791_4     24791
            ...  
24791_85    24791
24791_86    24791
24791_87    24791
24791_88    24791
24791_89    24791
Name: seqID, Length: 90, dtype: object,81.11,85.56,73.33,80.72,81.91,85.17
24797_0     24797
24797_1     24797
24797_2     24797
24797_3     24797
24797_4     24797
            ...  
24797_76    24797
24797_77    24797
24797_78    24797
24797_79    24797
24797_80    24797
Name: seqID, Length: 81, dtype: object,81.48,85.19,81.48,77.24,81.81,75.13
24802_0      24802
24802_1      24802
24802_2      24802
24802_3      24802
24802_4      24802
             ...  
24802_228    24802
24802_229    24802
24802_230    24802
24802_231    24802
24802_232    24802
Name: seqID, Length: 233, dtype: object,79.40,79.83,78.54,80.80,81.16,75.28
24808_0     24808
24808_1     24808
24808_2     24808
24808_3     24808
24808_4     24808
            ...  
24808_60    24808
24808_61    24808
24808_62    24808
24808_63    24808
24808_64    24808
Name: seqID, Length: 65, dtype: object,69.23,67.69,70.77,58.52,57.54,58.80
24809_0     24809
24809_1     24809
24809_2     24809
24809_3     24809
24809_4     24809
24809_5     24809
24809_6     24809
24809_7     24809
24809_8     24809
24809_9     24809
24809_10    24809
24809_11    24809
24809_12    24809
24809_13    24809
24809_14    24809
24809_15    24809
24809_16    24809
24809_17    24809
24809_18    24809
24809_19    24809
24809_20    24809
24809_21    24809
24809_22    24809
24809_23    24809
24809_24    24809
24809_25    24809
24809_26    24809
24809_27    24809
24809_28    24809
24809_29    24809
24809_30    24809
24809_31    24809
24809_32    24809
24809_33    24809
24809_34    24809
24809_35    24809
24809_36    24809
24809_37    24809
24809_38    24809
24809_39    24809
24809_40    24809
24809_41    24809
24809_42    24809
24809_43    24809
24809_44    24809
24809_45    24809
24809_46    24809
24809_47    24809
24809_48    24809
24809_49    24809
24809_50    24809
24809_51    24809
24809_52    24809
24809_53    24809
24809_54    24809
24809_55    24809
24809_56    24809
24809_57    24809
Name: seqID, dtype: object,91.38,93.10,91.38,94.83,94.83,94.83
24811_0      24811
24811_1      24811
24811_2      24811
24811_3      24811
24811_4      24811
             ...  
24811_126    24811
24811_127    24811
24811_128    24811
24811_129    24811
24811_130    24811
Name: seqID, Length: 131, dtype: object,80.92,79.39,80.15,84.83,76.06,85.80
24815_0      24815
24815_1      24815
24815_2      24815
24815_3      24815
24815_4      24815
             ...  
24815_100    24815
24815_101    24815
24815_102    24815
24815_103    24815
24815_104    24815
Name: seqID, Length: 105, dtype: object,83.81,86.67,80.95,88.08,90.08,84.84
24821_0      24821
24821_1      24821
24821_2      24821
24821_3      24821
24821_4      24821
             ...  
24821_128    24821
24821_129    24821
24821_130    24821
24821_131    24821
24821_132    24821
Name: seqID, Length: 133, dtype: object,83.46,83.46,82.71,79.83,82.17,82.81
24825_0      24825
24825_1      24825
24825_2      24825
24825_3      24825
24825_4      24825
             ...  
24825_357    24825
24825_358    24825
24825_359    24825
24825_360    24825
24825_361    24825
Name: seqID, Length: 362, dtype: object,86.19,85.91,82.32,86.68,89.32,85.65
24831_0      24831
24831_1      24831
24831_2      24831
24831_3      24831
24831_4      24831
             ...  
24831_319    24831
24831_320    24831
24831_321    24831
24831_322    24831
24831_323    24831
Name: seqID, Length: 324, dtype: object,73.15,72.22,76.23,66.80,64.99,68.09
24832_0     24832
24832_1     24832
24832_2     24832
24832_3     24832
24832_4     24832
            ...  
24832_83    24832
24832_84    24832
24832_85    24832
24832_86    24832
24832_87    24832
Name: seqID, Length: 88, dtype: object,80.68,80.68,80.68,88.87,86.77,88.87
24837_0      24837
24837_1      24837
24837_2      24837
24837_3      24837
24837_4      24837
             ...  
24837_106    24837
24837_107    24837
24837_108    24837
24837_109    24837
24837_110    24837
Name: seqID, Length: 111, dtype: object,86.49,90.99,80.18,77.59,88.72,60.20
24845_0      24845
24845_1      24845
24845_2      24845
24845_3      24845
24845_4      24845
             ...  
24845_102    24845
24845_103    24845
24845_104    24845
24845_105    24845
24845_106    24845
Name: seqID, Length: 107, dtype: object,85.05,82.24,84.11,84.69,83.96,90.57
24853_0      24853
24853_1      24853
24853_2      24853
24853_3      24853
24853_4      24853
             ...  
24853_113    24853
24853_114    24853
24853_115    24853
24853_116    24853
24853_117    24853
Name: seqID, Length: 118, dtype: object,71.19,73.73,67.80,59.15,61.64,55.34
24855_0      24855
24855_1      24855
24855_2      24855
24855_3      24855
24855_4      24855
             ...  
24855_298    24855
24855_299    24855
24855_300    24855
24855_301    24855
24855_302    24855
Name: seqID, Length: 303, dtype: object,82.18,83.50,77.56,80.19,81.78,75.27
24875_0      24875
24875_1      24875
24875_2      24875
24875_3      24875
24875_4      24875
             ...  
24875_165    24875
24875_166    24875
24875_167    24875
24875_168    24875
24875_169    24875
Name: seqID, Length: 170, dtype: object,91.76,91.76,91.76,99.61,99.12,99.61
24890_0      24890
24890_1      24890
24890_2      24890
24890_3      24890
24890_4      24890
             ...  
24890_122    24890
24890_123    24890
24890_124    24890
24890_125    24890
24890_126    24890
Name: seqID, Length: 127, dtype: object,77.95,81.10,76.38,76.62,81.63,77.58
24893_0     24893
24893_1     24893
24893_2     24893
24893_3     24893
24893_4     24893
            ...  
24893_72    24893
24893_73    24893
24893_74    24893
24893_75    24893
24893_76    24893
Name: seqID, Length: 77, dtype: object,89.61,93.51,83.12,69.20,81.44,74.65
24902_0     24902
24902_1     24902
24902_2     24902
24902_3     24902
24902_4     24902
            ...  
24902_95    24902
24902_96    24902
24902_97    24902
24902_98    24902
24902_99    24902
Name: seqID, Length: 100, dtype: object,85.00,87.00,86.00,75.16,76.09,76.09
24911_0      24911
24911_1      24911
24911_2      24911
24911_3      24911
24911_4      24911
             ...  
24911_276    24911
24911_277    24911
24911_278    24911
24911_279    24911
24911_280    24911
Name: seqID, Length: 281, dtype: object,79.00,78.65,78.29,80.45,79.76,79.00
24923_0     24923
24923_1     24923
24923_2     24923
24923_3     24923
24923_4     24923
24923_5     24923
24923_6     24923
24923_7     24923
24923_8     24923
24923_9     24923
24923_10    24923
24923_11    24923
24923_12    24923
24923_13    24923
24923_14    24923
24923_15    24923
24923_16    24923
24923_17    24923
24923_18    24923
24923_19    24923
24923_20    24923
24923_21    24923
24923_22    24923
24923_23    24923
24923_24    24923
24923_25    24923
24923_26    24923
24923_27    24923
24923_28    24923
24923_29    24923
24923_30    24923
24923_31    24923
24923_32    24923
24923_33    24923
24923_34    24923
24923_35    24923
24923_36    24923
24923_37    24923
24923_38    24923
24923_39    24923
24923_40    24923
24923_41    24923
24923_42    24923
24923_43    24923
24923_44    24923
24923_45    24923
Name: seqID, dtype: object,80.43,84.78,76.09,90.00,95.65,64.66
24931_0      24931
24931_1      24931
24931_2      24931
24931_3      24931
24931_4      24931
             ...  
24931_219    24931
24931_220    24931
24931_221    24931
24931_222    24931
24931_223    24931
Name: seqID, Length: 224, dtype: object,69.64,64.73,73.21,73.94,69.24,72.71
24938_0     24938
24938_1     24938
24938_2     24938
24938_3     24938
24938_4     24938
            ...  
24938_89    24938
24938_90    24938
24938_91    24938
24938_92    24938
24938_93    24938
Name: seqID, Length: 94, dtype: object,89.36,91.49,87.23,91.36,92.36,80.04
24942_0      24942
24942_1      24942
24942_2      24942
24942_3      24942
24942_4      24942
             ...  
24942_149    24942
24942_150    24942
24942_151    24942
24942_152    24942
24942_153    24942
Name: seqID, Length: 154, dtype: object,81.82,81.82,75.97,74.63,72.76,78.31
24950_0      24950
24950_1      24950
24950_2      24950
24950_3      24950
24950_4      24950
             ...  
24950_358    24950
24950_359    24950
24950_360    24950
24950_361    24950
24950_362    24950
Name: seqID, Length: 363, dtype: object,81.54,82.64,81.82,89.63,86.88,88.66
24959_0      24959
24959_1      24959
24959_2      24959
24959_3      24959
24959_4      24959
             ...  
24959_163    24959
24959_164    24959
24959_165    24959
24959_166    24959
24959_167    24959
Name: seqID, Length: 168, dtype: object,82.14,83.33,79.76,89.22,89.93,86.84
24961_0      24961
24961_1      24961
24961_2      24961
24961_3      24961
24961_4      24961
             ...  
24961_155    24961
24961_156    24961
24961_157    24961
24961_158    24961
24961_159    24961
Name: seqID, Length: 160, dtype: object,85.62,86.25,86.87,84.87,82.70,91.46
24969_0      24969
24969_1      24969
24969_2      24969
24969_3      24969
24969_4      24969
             ...  
24969_184    24969
24969_185    24969
24969_186    24969
24969_187    24969
24969_188    24969
Name: seqID, Length: 189, dtype: object,68.78,67.20,69.31,74.12,68.13,68.17
24976_0      24976
24976_1      24976
24976_2      24976
24976_3      24976
24976_4      24976
             ...  
24976_331    24976
24976_332    24976
24976_333    24976
24976_334    24976
24976_335    24976
Name: seqID, Length: 336, dtype: object,85.71,85.71,82.44,92.45,89.38,85.72
24980_0     24980
24980_1     24980
24980_2     24980
24980_3     24980
24980_4     24980
            ...  
24980_89    24980
24980_90    24980
24980_91    24980
24980_92    24980
24980_93    24980
Name: seqID, Length: 94, dtype: object,79.79,79.79,75.53,74.64,75.63,68.87
24981_0      24981
24981_1      24981
24981_2      24981
24981_3      24981
24981_4      24981
             ...  
24981_257    24981
24981_258    24981
24981_259    24981
24981_260    24981
24981_261    24981
Name: seqID, Length: 262, dtype: object,85.50,83.21,79.39,85.06,79.75,77.50
24991_0      24991
24991_1      24991
24991_2      24991
24991_3      24991
24991_4      24991
             ...  
24991_96     24991
24991_97     24991
24991_98     24991
24991_99     24991
24991_100    24991
Name: seqID, Length: 101, dtype: object,92.08,93.07,91.09,76.49,86.45,73.71
24997_0      24997
24997_1      24997
24997_2      24997
24997_3      24997
24997_4      24997
             ...  
24997_157    24997
24997_158    24997
24997_159    24997
24997_160    24997
24997_161    24997
Name: seqID, Length: 162, dtype: object,83.33,81.48,82.10,86.70,81.41,83.90
24998_0      24998
24998_1      24998
24998_2      24998
24998_3      24998
24998_4      24998
             ...  
24998_381    24998
24998_382    24998
24998_383    24998
24998_384    24998
24998_385    24998
Name: seqID, Length: 386, dtype: object,82.38,81.87,80.05,76.98,77.06,77.22
25000_0     25000
25000_1     25000
25000_2     25000
25000_3     25000
25000_4     25000
25000_5     25000
25000_6     25000
25000_7     25000
25000_8     25000
25000_9     25000
25000_10    25000
25000_11    25000
25000_12    25000
25000_13    25000
25000_14    25000
25000_15    25000
25000_16    25000
25000_17    25000
25000_18    25000
25000_19    25000
25000_20    25000
25000_21    25000
25000_22    25000
25000_23    25000
25000_24    25000
25000_25    25000
25000_26    25000
25000_27    25000
25000_28    25000
25000_29    25000
25000_30    25000
25000_31    25000
25000_32    25000
25000_33    25000
25000_34    25000
25000_35    25000
25000_36    25000
25000_37    25000
25000_38    25000
25000_39    25000
25000_40    25000
25000_41    25000
25000_42    25000
25000_43    25000
Name: seqID, dtype: object,70.45,81.82,68.18,67.98,81.93,70.25
25002_0     25002
25002_1     25002
25002_2     25002
25002_3     25002
25002_4     25002
            ...  
25002_91    25002
25002_92    25002
25002_93    25002
25002_94    25002
25002_95    25002
Name: seqID, Length: 96, dtype: object,77.08,79.17,73.96,73.77,75.40,73.91
25012_0      25012
25012_1      25012
25012_2      25012
25012_3      25012
25012_4      25012
             ...  
25012_323    25012
25012_324    25012
25012_325    25012
25012_326    25012
25012_327    25012
Name: seqID, Length: 328, dtype: object,70.73,68.29,69.51,69.99,65.73,65.33
25032_0      25032
25032_1      25032
25032_2      25032
25032_3      25032
25032_4      25032
             ...  
25032_452    25032
25032_453    25032
25032_454    25032
25032_455    25032
25032_456    25032
Name: seqID, Length: 457, dtype: object,76.59,76.37,75.05,74.04,70.42,72.90
25068_0     25068
25068_1     25068
25068_2     25068
25068_3     25068
25068_4     25068
25068_5     25068
25068_6     25068
25068_7     25068
25068_8     25068
25068_9     25068
25068_10    25068
25068_11    25068
25068_12    25068
25068_13    25068
25068_14    25068
25068_15    25068
25068_16    25068
25068_17    25068
25068_18    25068
25068_19    25068
25068_20    25068
25068_21    25068
25068_22    25068
25068_23    25068
25068_24    25068
25068_25    25068
25068_26    25068
25068_27    25068
25068_28    25068
25068_29    25068
25068_30    25068
25068_31    25068
25068_32    25068
25068_33    25068
25068_34    25068
25068_35    25068
25068_36    25068
25068_37    25068
25068_38    25068
25068_39    25068
25068_40    25068
25068_41    25068
25068_42    25068
25068_43    25068
25068_44    25068
25068_45    25068
25068_46    25068
25068_47    25068
25068_48    25068
25068_49    25068
25068_50    25068
25068_51    25068
25068_52    25068
25068_53    25068
25068_54    25068
25068_55    25068
Name: seqID, dtype: object,83.93,78.57,85.71,81.91,63.25,83.70
25072_0      25072
25072_1      25072
25072_2      25072
25072_3      25072
25072_4      25072
             ...  
25072_176    25072
25072_177    25072
25072_178    25072
25072_179    25072
25072_180    25072
Name: seqID, Length: 181, dtype: object,82.32,80.11,83.98,85.16,83.90,82.37
25073_0     25073
25073_1     25073
25073_2     25073
25073_3     25073
25073_4     25073
            ...  
25073_61    25073
25073_62    25073
25073_63    25073
25073_64    25073
25073_65    25073
Name: seqID, Length: 66, dtype: object,89.39,87.88,86.36,88.32,87.67,76.77
25081_0      25081
25081_1      25081
25081_2      25081
25081_3      25081
25081_4      25081
             ...  
25081_105    25081
25081_106    25081
25081_107    25081
25081_108    25081
25081_109    25081
Name: seqID, Length: 110, dtype: object,88.18,88.18,88.18,94.44,95.14,94.62
25090_0     25090
25090_1     25090
25090_2     25090
25090_3     25090
25090_4     25090
25090_5     25090
25090_6     25090
25090_7     25090
25090_8     25090
25090_9     25090
25090_10    25090
25090_11    25090
25090_12    25090
25090_13    25090
25090_14    25090
25090_15    25090
25090_16    25090
25090_17    25090
25090_18    25090
25090_19    25090
25090_20    25090
25090_21    25090
25090_22    25090
25090_23    25090
25090_24    25090
25090_25    25090
25090_26    25090
25090_27    25090
25090_28    25090
25090_29    25090
25090_30    25090
25090_31    25090
25090_32    25090
25090_33    25090
25090_34    25090
25090_35    25090
25090_36    25090
25090_37    25090
25090_38    25090
25090_39    25090
25090_40    25090
Name: seqID, dtype: object,68.29,58.54,68.29,45.73,39.90,45.73
25102_0     25102
25102_1     25102
25102_2     25102
25102_3     25102
25102_4     25102
25102_5     25102
25102_6     25102
25102_7     25102
25102_8     25102
25102_9     25102
25102_10    25102
25102_11    25102
25102_12    25102
25102_13    25102
25102_14    25102
25102_15    25102
25102_16    25102
25102_17    25102
25102_18    25102
25102_19    25102
25102_20    25102
25102_21    25102
25102_22    25102
25102_23    25102
25102_24    25102
25102_25    25102
25102_26    25102
25102_27    25102
25102_28    25102
25102_29    25102
25102_30    25102
25102_31    25102
25102_32    25102
25102_33    25102
25102_34    25102
25102_35    25102
25102_36    25102
25102_37    25102
25102_38    25102
25102_39    25102
25102_40    25102
25102_41    25102
25102_42    25102
25102_43    25102
25102_44    25102
25102_45    25102
Name: seqID, dtype: object,80.43,82.61,80.43,96.62,97.10,97.83
25105_0     25105
25105_1     25105
25105_2     25105
25105_3     25105
25105_4     25105
            ...  
25105_68    25105
25105_69    25105
25105_70    25105
25105_71    25105
25105_72    25105
Name: seqID, Length: 73, dtype: object,82.19,79.45,79.45,79.27,65.67,86.30
25111_0     25111
25111_1     25111
25111_2     25111
25111_3     25111
25111_4     25111
25111_5     25111
25111_6     25111
25111_7     25111
25111_8     25111
25111_9     25111
25111_10    25111
25111_11    25111
25111_12    25111
25111_13    25111
25111_14    25111
25111_15    25111
25111_16    25111
25111_17    25111
25111_18    25111
25111_19    25111
25111_20    25111
25111_21    25111
25111_22    25111
25111_23    25111
25111_24    25111
25111_25    25111
25111_26    25111
25111_27    25111
25111_28    25111
25111_29    25111
25111_30    25111
25111_31    25111
25111_32    25111
25111_33    25111
25111_34    25111
25111_35    25111
Name: seqID, dtype: object,88.89,88.89,88.89,94.72,94.72,86.30
25113_0      25113
25113_1      25113
25113_2      25113
25113_3      25113
25113_4      25113
             ...  
25113_108    25113
25113_109    25113
25113_110    25113
25113_111    25113
25113_112    25113
Name: seqID, Length: 113, dtype: object,72.57,74.34,69.91,66.23,67.65,59.34
25122_0     25122
25122_1     25122
25122_2     25122
25122_3     25122
25122_4     25122
            ...  
25122_95    25122
25122_96    25122
25122_97    25122
25122_98    25122
25122_99    25122
Name: seqID, Length: 100, dtype: object,76.00,81.00,66.00,87.76,88.40,56.94
25131_0      25131
25131_1      25131
25131_2      25131
25131_3      25131
25131_4      25131
             ...  
25131_97     25131
25131_98     25131
25131_99     25131
25131_100    25131
25131_101    25131
Name: seqID, Length: 102, dtype: object,81.37,81.37,77.45,80.22,80.74,79.24
25134_0      25134
25134_1      25134
25134_2      25134
25134_3      25134
25134_4      25134
             ...  
25134_238    25134
25134_239    25134
25134_240    25134
25134_241    25134
25134_242    25134
Name: seqID, Length: 243, dtype: object,82.72,83.13,74.49,82.11,79.72,76.57
25138_0      25138
25138_1      25138
25138_2      25138
25138_3      25138
25138_4      25138
             ...  
25138_117    25138
25138_118    25138
25138_119    25138
25138_120    25138
25138_121    25138
Name: seqID, Length: 122, dtype: object,83.61,81.97,74.59,87.60,86.25,75.27
25141_0     25141
25141_1     25141
25141_2     25141
25141_3     25141
25141_4     25141
            ...  
25141_77    25141
25141_78    25141
25141_79    25141
25141_80    25141
25141_81    25141
Name: seqID, Length: 82, dtype: object,81.71,85.37,81.71,82.30,90.92,80.66
25150_0      25150
25150_1      25150
25150_2      25150
25150_3      25150
25150_4      25150
             ...  
25150_136    25150
25150_137    25150
25150_138    25150
25150_139    25150
25150_140    25150
Name: seqID, Length: 141, dtype: object,80.14,80.14,76.60,86.75,88.21,69.36
25154_0     25154
25154_1     25154
25154_2     25154
25154_3     25154
25154_4     25154
25154_5     25154
25154_6     25154
25154_7     25154
25154_8     25154
25154_9     25154
25154_10    25154
25154_11    25154
25154_12    25154
25154_13    25154
25154_14    25154
25154_15    25154
25154_16    25154
25154_17    25154
25154_18    25154
25154_19    25154
25154_20    25154
25154_21    25154
25154_22    25154
25154_23    25154
25154_24    25154
25154_25    25154
25154_26    25154
25154_27    25154
25154_28    25154
25154_29    25154
25154_30    25154
25154_31    25154
25154_32    25154
Name: seqID, dtype: object,66.67,60.61,63.64,63.75,48.15,36.92
25163_0      25163
25163_1      25163
25163_2      25163
25163_3      25163
25163_4      25163
             ...  
25163_108    25163
25163_109    25163
25163_110    25163
25163_111    25163
25163_112    25163
Name: seqID, Length: 113, dtype: object,87.61,86.73,90.27,93.04,91.27,95.69
25170_0      25170
25170_1      25170
25170_2      25170
25170_3      25170
25170_4      25170
             ...  
25170_153    25170
25170_154    25170
25170_155    25170
25170_156    25170
25170_157    25170
Name: seqID, Length: 158, dtype: object,72.15,69.62,70.89,52.40,57.45,51.45
25175_0      25175
25175_1      25175
25175_2      25175
25175_3      25175
25175_4      25175
             ...  
25175_101    25175
25175_102    25175
25175_103    25175
25175_104    25175
25175_105    25175
Name: seqID, Length: 106, dtype: object,87.74,86.79,77.36,88.16,89.10,71.41
25183_0      25183
25183_1      25183
25183_2      25183
25183_3      25183
25183_4      25183
             ...  
25183_126    25183
25183_127    25183
25183_128    25183
25183_129    25183
25183_130    25183
Name: seqID, Length: 131, dtype: object,81.68,81.68,77.86,88.36,87.41,79.11
25184_0      25184
25184_1      25184
25184_2      25184
25184_3      25184
25184_4      25184
             ...  
25184_277    25184
25184_278    25184
25184_279    25184
25184_280    25184
25184_281    25184
Name: seqID, Length: 282, dtype: object,72.70,70.92,70.92,69.79,68.64,66.22
25203_0      25203
25203_1      25203
25203_2      25203
25203_3      25203
25203_4      25203
             ...  
25203_117    25203
25203_118    25203
25203_119    25203
25203_120    25203
25203_121    25203
Name: seqID, Length: 122, dtype: object,82.79,81.15,79.51,88.32,87.57,74.57
25206_0     25206
25206_1     25206
25206_2     25206
25206_3     25206
25206_4     25206
            ...  
25206_74    25206
25206_75    25206
25206_76    25206
25206_77    25206
25206_78    25206
Name: seqID, Length: 79, dtype: object,75.95,77.22,73.42,84.03,86.65,75.75
25215_0      25215
25215_1      25215
25215_2      25215
25215_3      25215
25215_4      25215
             ...  
25215_159    25215
25215_160    25215
25215_161    25215
25215_162    25215
25215_163    25215
Name: seqID, Length: 164, dtype: object,62.80,64.02,56.10,49.98,47.51,44.54
25222_0      25222
25222_1      25222
25222_2      25222
25222_3      25222
25222_4      25222
             ...  
25222_296    25222
25222_297    25222
25222_298    25222
25222_299    25222
25222_300    25222
Name: seqID, Length: 301, dtype: object,74.75,72.76,76.41,79.06,75.95,82.41
25223_0     25223
25223_1     25223
25223_2     25223
25223_3     25223
25223_4     25223
            ...  
25223_85    25223
25223_86    25223
25223_87    25223
25223_88    25223
25223_89    25223
Name: seqID, Length: 90, dtype: object,80.00,82.22,77.78,77.84,90.08,69.03
25246_0      25246
25246_1      25246
25246_2      25246
25246_3      25246
25246_4      25246
             ...  
25246_188    25246
25246_189    25246
25246_190    25246
25246_191    25246
25246_192    25246
Name: seqID, Length: 193, dtype: object,77.72,78.24,72.54,82.22,82.78,64.96
25253_0      25253
25253_1      25253
25253_2      25253
25253_3      25253
25253_4      25253
             ...  
25253_156    25253
25253_157    25253
25253_158    25253
25253_159    25253
25253_160    25253
Name: seqID, Length: 161, dtype: object,84.47,86.96,80.75,92.18,88.48,87.85
25260_0     25260
25260_1     25260
25260_2     25260
25260_3     25260
25260_4     25260
            ...  
25260_67    25260
25260_68    25260
25260_69    25260
25260_70    25260
25260_71    25260
Name: seqID, Length: 72, dtype: object,87.50,87.50,90.28,88.18,85.40,86.69
25280_0      25280
25280_1      25280
25280_2      25280
25280_3      25280
25280_4      25280
             ...  
25280_225    25280
25280_226    25280
25280_227    25280
25280_228    25280
25280_229    25280
Name: seqID, Length: 230, dtype: object,80.43,80.00,73.91,81.82,80.45,63.27
25296_0      25296
25296_1      25296
25296_2      25296
25296_3      25296
25296_4      25296
             ...  
25296_432    25296
25296_433    25296
25296_434    25296
25296_435    25296
25296_436    25296
Name: seqID, Length: 437, dtype: object,81.92,85.35,75.51,72.03,79.93,62.79
25305_0      25305
25305_1      25305
25305_2      25305
25305_3      25305
25305_4      25305
             ...  
25305_230    25305
25305_231    25305
25305_232    25305
25305_233    25305
25305_234    25305
Name: seqID, Length: 235, dtype: object,79.15,79.15,79.15,80.58,72.99,77.91
25306_0      25306
25306_1      25306
25306_2      25306
25306_3      25306
25306_4      25306
             ...  
25306_98     25306
25306_99     25306
25306_100    25306
25306_101    25306
25306_102    25306
Name: seqID, Length: 103, dtype: object,63.11,66.02,61.17,60.75,66.58,59.74
25314_0     25314
25314_1     25314
25314_2     25314
25314_3     25314
25314_4     25314
25314_5     25314
25314_6     25314
25314_7     25314
25314_8     25314
25314_9     25314
25314_10    25314
25314_11    25314
25314_12    25314
25314_13    25314
25314_14    25314
25314_15    25314
25314_16    25314
25314_17    25314
25314_18    25314
25314_19    25314
25314_20    25314
25314_21    25314
25314_22    25314
25314_23    25314
25314_24    25314
25314_25    25314
25314_26    25314
25314_27    25314
25314_28    25314
25314_29    25314
25314_30    25314
25314_31    25314
25314_32    25314
25314_33    25314
25314_34    25314
25314_35    25314
25314_36    25314
25314_37    25314
25314_38    25314
25314_39    25314
25314_40    25314
25314_41    25314
25314_42    25314
25314_43    25314
25314_44    25314
25314_45    25314
25314_46    25314
25314_47    25314
25314_48    25314
25314_49    25314
25314_50    25314
25314_51    25314
25314_52    25314
25314_53    25314
25314_54    25314
25314_55    25314
25314_56    25314
Name: seqID, dtype: object,87.72,85.96,87.72,97.43,95.68,97.43
25316_0      25316
25316_1      25316
25316_2      25316
25316_3      25316
25316_4      25316
             ...  
25316_355    25316
25316_356    25316
25316_357    25316
25316_358    25316
25316_359    25316
Name: seqID, Length: 360, dtype: object,85.00,83.89,80.28,85.80,76.96,82.25
25317_0     25317
25317_1     25317
25317_2     25317
25317_3     25317
25317_4     25317
            ...  
25317_79    25317
25317_80    25317
25317_81    25317
25317_82    25317
25317_83    25317
Name: seqID, Length: 84, dtype: object,90.48,90.48,91.67,98.31,97.82,98.51
25343_0     25343
25343_1     25343
25343_2     25343
25343_3     25343
25343_4     25343
            ...  
25343_75    25343
25343_76    25343
25343_77    25343
25343_78    25343
25343_79    25343
Name: seqID, Length: 80, dtype: object,75.00,71.25,76.25,57.53,48.38,48.35
25353_0     25353
25353_1     25353
25353_2     25353
25353_3     25353
25353_4     25353
            ...  
25353_63    25353
25353_64    25353
25353_65    25353
25353_66    25353
25353_67    25353
Name: seqID, Length: 68, dtype: object,97.06,94.12,97.06,100.00,98.53,100.00
25376_0      25376
25376_1      25376
25376_2      25376
25376_3      25376
25376_4      25376
             ...  
25376_152    25376
25376_153    25376
25376_154    25376
25376_155    25376
25376_156    25376
Name: seqID, Length: 157, dtype: object,82.80,80.25,81.53,76.04,71.33,80.82
25390_0      25390
25390_1      25390
25390_2      25390
25390_3      25390
25390_4      25390
             ...  
25390_207    25390
25390_208    25390
25390_209    25390
25390_210    25390
25390_211    25390
Name: seqID, Length: 212, dtype: object,75.94,75.47,70.75,78.32,75.99,65.90
25396_0     25396
25396_1     25396
25396_2     25396
25396_3     25396
25396_4     25396
            ...  
25396_62    25396
25396_63    25396
25396_64    25396
25396_65    25396
25396_66    25396
Name: seqID, Length: 67, dtype: object,88.06,83.58,94.03,66.96,69.63,88.47
25397_0      25397
25397_1      25397
25397_2      25397
25397_3      25397
25397_4      25397
             ...  
25397_341    25397
25397_342    25397
25397_343    25397
25397_344    25397
25397_345    25397
Name: seqID, Length: 346, dtype: object,86.42,86.13,86.13,85.57,80.30,84.45
25412_0      25412
25412_1      25412
25412_2      25412
25412_3      25412
25412_4      25412
             ...  
25412_172    25412
25412_173    25412
25412_174    25412
25412_175    25412
25412_176    25412
Name: seqID, Length: 177, dtype: object,89.83,92.09,85.88,89.16,99.44,94.73
25415_0      25415
25415_1      25415
25415_2      25415
25415_3      25415
25415_4      25415
             ...  
25415_131    25415
25415_132    25415
25415_133    25415
25415_134    25415
25415_135    25415
Name: seqID, Length: 136, dtype: object,74.26,73.53,79.41,71.06,75.64,79.34
25419_0     25419
25419_1     25419
25419_2     25419
25419_3     25419
25419_4     25419
25419_5     25419
25419_6     25419
25419_7     25419
25419_8     25419
25419_9     25419
25419_10    25419
25419_11    25419
25419_12    25419
25419_13    25419
25419_14    25419
25419_15    25419
25419_16    25419
25419_17    25419
25419_18    25419
25419_19    25419
25419_20    25419
25419_21    25419
25419_22    25419
25419_23    25419
25419_24    25419
25419_25    25419
25419_26    25419
25419_27    25419
25419_28    25419
25419_29    25419
25419_30    25419
25419_31    25419
25419_32    25419
25419_33    25419
25419_34    25419
Name: seqID, dtype: object,77.14,82.86,77.14,59.38,63.87,60.67
25430_0      25430
25430_1      25430
25430_2      25430
25430_3      25430
25430_4      25430
             ...  
25430_126    25430
25430_127    25430
25430_128    25430
25430_129    25430
25430_130    25430
Name: seqID, Length: 131, dtype: object,90.08,87.79,90.08,97.61,97.86,97.21
25437_0      25437
25437_1      25437
25437_2      25437
25437_3      25437
25437_4      25437
             ...  
25437_129    25437
25437_130    25437
25437_131    25437
25437_132    25437
25437_133    25437
Name: seqID, Length: 134, dtype: object,88.81,88.06,91.04,93.21,87.09,94.32
25439_0      25439
25439_1      25439
25439_2      25439
25439_3      25439
25439_4      25439
             ...  
25439_159    25439
25439_160    25439
25439_161    25439
25439_162    25439
25439_163    25439
Name: seqID, Length: 164, dtype: object,76.83,79.27,75.61,67.99,76.92,68.90
25450_0      25450
25450_1      25450
25450_2      25450
25450_3      25450
25450_4      25450
             ...  
25450_123    25450
25450_124    25450
25450_125    25450
25450_126    25450
25450_127    25450
Name: seqID, Length: 128, dtype: object,84.37,84.37,84.37,87.92,88.65,85.75
25451_0     25451
25451_1     25451
25451_2     25451
25451_3     25451
25451_4     25451
            ...  
25451_79    25451
25451_80    25451
25451_81    25451
25451_82    25451
25451_83    25451
Name: seqID, Length: 84, dtype: object,80.95,79.76,83.33,78.43,76.28,81.62
25454_0      25454
25454_1      25454
25454_2      25454
25454_3      25454
25454_4      25454
             ...  
25454_181    25454
25454_182    25454
25454_183    25454
25454_184    25454
25454_185    25454
Name: seqID, Length: 186, dtype: object,76.34,77.42,73.12,81.30,86.78,68.88
25469_0     25469
25469_1     25469
25469_2     25469
25469_3     25469
25469_4     25469
            ...  
25469_80    25469
25469_81    25469
25469_82    25469
25469_83    25469
25469_84    25469
Name: seqID, Length: 85, dtype: object,72.94,70.59,76.47,77.61,77.02,84.18
25486_0     25486
25486_1     25486
25486_2     25486
25486_3     25486
25486_4     25486
            ...  
25486_81    25486
25486_82    25486
25486_83    25486
25486_84    25486
25486_85    25486
Name: seqID, Length: 86, dtype: object,87.21,86.05,86.05,99.42,99.07,95.47
25489_0     25489
25489_1     25489
25489_2     25489
25489_3     25489
25489_4     25489
25489_5     25489
25489_6     25489
25489_7     25489
25489_8     25489
25489_9     25489
25489_10    25489
25489_11    25489
25489_12    25489
25489_13    25489
25489_14    25489
25489_15    25489
25489_16    25489
25489_17    25489
25489_18    25489
25489_19    25489
25489_20    25489
25489_21    25489
25489_22    25489
25489_23    25489
25489_24    25489
25489_25    25489
25489_26    25489
25489_27    25489
25489_28    25489
25489_29    25489
25489_30    25489
25489_31    25489
25489_32    25489
25489_33    25489
25489_34    25489
25489_35    25489
25489_36    25489
25489_37    25489
25489_38    25489
25489_39    25489
25489_40    25489
25489_41    25489
25489_42    25489
Name: seqID, dtype: object,65.12,69.77,60.47,69.05,82.31,53.95
25492_0      25492
25492_1      25492
25492_2      25492
25492_3      25492
25492_4      25492
             ...  
25492_294    25492
25492_295    25492
25492_296    25492
25492_297    25492
25492_298    25492
Name: seqID, Length: 299, dtype: object,82.61,82.27,82.94,48.08,45.88,58.93
25496_0     25496
25496_1     25496
25496_2     25496
25496_3     25496
25496_4     25496
            ...  
25496_62    25496
25496_63    25496
25496_64    25496
25496_65    25496
25496_66    25496
Name: seqID, Length: 67, dtype: object,77.61,79.10,79.10,82.00,82.00,85.88
25502_0      25502
25502_1      25502
25502_2      25502
25502_3      25502
25502_4      25502
             ...  
25502_213    25502
25502_214    25502
25502_215    25502
25502_216    25502
25502_217    25502
Name: seqID, Length: 218, dtype: object,68.81,66.97,67.43,68.86,60.78,66.94
25512_0      25512
25512_1      25512
25512_2      25512
25512_3      25512
25512_4      25512
             ...  
25512_163    25512
25512_164    25512
25512_165    25512
25512_166    25512
25512_167    25512
Name: seqID, Length: 168, dtype: object,89.29,88.10,85.12,87.40,87.10,76.01
25513_0      25513
25513_1      25513
25513_2      25513
25513_3      25513
25513_4      25513
             ...  
25513_160    25513
25513_161    25513
25513_162    25513
25513_163    25513
25513_164    25513
Name: seqID, Length: 165, dtype: object,81.21,81.21,75.76,81.48,67.12,66.98
25529_0      25529
25529_1      25529
25529_2      25529
25529_3      25529
25529_4      25529
             ...  
25529_165    25529
25529_166    25529
25529_167    25529
25529_168    25529
25529_169    25529
Name: seqID, Length: 170, dtype: object,67.65,71.18,68.82,58.04,59.36,63.42
25532_0     25532
25532_1     25532
25532_2     25532
25532_3     25532
25532_4     25532
25532_5     25532
25532_6     25532
25532_7     25532
25532_8     25532
25532_9     25532
25532_10    25532
25532_11    25532
25532_12    25532
25532_13    25532
25532_14    25532
25532_15    25532
25532_16    25532
25532_17    25532
25532_18    25532
25532_19    25532
25532_20    25532
25532_21    25532
25532_22    25532
25532_23    25532
25532_24    25532
25532_25    25532
25532_26    25532
25532_27    25532
25532_28    25532
25532_29    25532
25532_30    25532
25532_31    25532
25532_32    25532
25532_33    25532
25532_34    25532
25532_35    25532
25532_36    25532
25532_37    25532
25532_38    25532
25532_39    25532
Name: seqID, dtype: object,52.50,55.00,52.50,37.60,39.90,37.60
25533_0      25533
25533_1      25533
25533_2      25533
25533_3      25533
25533_4      25533
             ...  
25533_265    25533
25533_266    25533
25533_267    25533
25533_268    25533
25533_269    25533
Name: seqID, Length: 270, dtype: object,88.15,88.15,88.89,85.24,88.52,84.64
25535_0      25535
25535_1      25535
25535_2      25535
25535_3      25535
25535_4      25535
             ...  
25535_103    25535
25535_104    25535
25535_105    25535
25535_106    25535
25535_107    25535
Name: seqID, Length: 108, dtype: object,64.81,61.11,68.52,61.90,56.91,67.18
25537_0      25537
25537_1      25537
25537_2      25537
25537_3      25537
25537_4      25537
             ...  
25537_116    25537
25537_117    25537
25537_118    25537
25537_119    25537
25537_120    25537
Name: seqID, Length: 121, dtype: object,86.78,88.43,83.47,90.24,90.49,82.36
25539_0     25539
25539_1     25539
25539_2     25539
25539_3     25539
25539_4     25539
            ...  
25539_70    25539
25539_71    25539
25539_72    25539
25539_73    25539
25539_74    25539
Name: seqID, Length: 75, dtype: object,90.67,94.67,89.33,98.33,98.33,97.00
25588_0     25588
25588_1     25588
25588_2     25588
25588_3     25588
25588_4     25588
            ...  
25588_77    25588
25588_78    25588
25588_79    25588
25588_80    25588
25588_81    25588
Name: seqID, Length: 82, dtype: object,71.95,70.73,69.51,37.87,58.56,78.13
25594_0      25594
25594_1      25594
25594_2      25594
25594_3      25594
25594_4      25594
             ...  
25594_129    25594
25594_130    25594
25594_131    25594
25594_132    25594
25594_133    25594
Name: seqID, Length: 134, dtype: object,80.60,81.34,78.36,78.19,82.30,78.10
25604_0      25604
25604_1      25604
25604_2      25604
25604_3      25604
25604_4      25604
             ...  
25604_116    25604
25604_117    25604
25604_118    25604
25604_119    25604
25604_120    25604
Name: seqID, Length: 121, dtype: object,72.73,71.07,71.90,74.00,73.62,73.10
25607_0      25607
25607_1      25607
25607_2      25607
25607_3      25607
25607_4      25607
             ...  
25607_181    25607
25607_182    25607
25607_183    25607
25607_184    25607
25607_185    25607
Name: seqID, Length: 186, dtype: object,83.87,83.87,81.72,87.41,84.64,81.43
25610_0      25610
25610_1      25610
25610_2      25610
25610_3      25610
25610_4      25610
             ...  
25610_396    25610
25610_397    25610
25610_398    25610
25610_399    25610
25610_400    25610
Name: seqID, Length: 401, dtype: object,83.04,82.79,82.04,71.33,66.17,78.59
25611_0      25611
25611_1      25611
25611_2      25611
25611_3      25611
25611_4      25611
             ...  
25611_96     25611
25611_97     25611
25611_98     25611
25611_99     25611
25611_100    25611
Name: seqID, Length: 101, dtype: object,77.23,78.22,77.23,95.70,96.32,97.09
25612_0      25612
25612_1      25612
25612_2      25612
25612_3      25612
25612_4      25612
             ...  
25612_115    25612
25612_116    25612
25612_117    25612
25612_118    25612
25612_119    25612
Name: seqID, Length: 120, dtype: object,84.17,83.33,84.17,88.92,89.65,88.92
25614_0     25614
25614_1     25614
25614_2     25614
25614_3     25614
25614_4     25614
            ...  
25614_61    25614
25614_62    25614
25614_63    25614
25614_64    25614
25614_65    25614
Name: seqID, Length: 66, dtype: object,83.33,86.36,75.76,66.54,46.65,60.04
25616_0      25616
25616_1      25616
25616_2      25616
25616_3      25616
25616_4      25616
             ...  
25616_174    25616
25616_175    25616
25616_176    25616
25616_177    25616
25616_178    25616
Name: seqID, Length: 179, dtype: object,85.47,85.47,87.71,92.78,92.95,96.57
25617_0      25617
25617_1      25617
25617_2      25617
25617_3      25617
25617_4      25617
             ...  
25617_119    25617
25617_120    25617
25617_121    25617
25617_122    25617
25617_123    25617
Name: seqID, Length: 124, dtype: object,76.61,78.23,76.61,65.70,56.99,63.09
25620_0      25620
25620_1      25620
25620_2      25620
25620_3      25620
25620_4      25620
             ...  
25620_144    25620
25620_145    25620
25620_146    25620
25620_147    25620
25620_148    25620
Name: seqID, Length: 149, dtype: object,59.73,55.03,62.42,59.77,52.54,58.59
25622_0      25622
25622_1      25622
25622_2      25622
25622_3      25622
25622_4      25622
             ...  
25622_134    25622
25622_135    25622
25622_136    25622
25622_137    25622
25622_138    25622
Name: seqID, Length: 139, dtype: object,82.73,83.45,80.58,88.67,88.67,82.55
25643_0      25643
25643_1      25643
25643_2      25643
25643_3      25643
25643_4      25643
             ...  
25643_160    25643
25643_161    25643
25643_162    25643
25643_163    25643
25643_164    25643
Name: seqID, Length: 165, dtype: object,90.30,90.91,89.09,98.96,98.79,97.85
25654_0      25654
25654_1      25654
25654_2      25654
25654_3      25654
25654_4      25654
             ...  
25654_292    25654
25654_293    25654
25654_294    25654
25654_295    25654
25654_296    25654
Name: seqID, Length: 297, dtype: object,83.84,82.83,82.49,83.55,83.99,85.39
25660_0     25660
25660_1     25660
25660_2     25660
25660_3     25660
25660_4     25660
25660_5     25660
25660_6     25660
25660_7     25660
25660_8     25660
25660_9     25660
25660_10    25660
25660_11    25660
25660_12    25660
25660_13    25660
25660_14    25660
25660_15    25660
25660_16    25660
25660_17    25660
25660_18    25660
25660_19    25660
25660_20    25660
25660_21    25660
25660_22    25660
25660_23    25660
25660_24    25660
25660_25    25660
25660_26    25660
25660_27    25660
25660_28    25660
25660_29    25660
25660_30    25660
25660_31    25660
25660_32    25660
25660_33    25660
25660_34    25660
25660_35    25660
25660_36    25660
25660_37    25660
25660_38    25660
Name: seqID, dtype: object,100.00,100.00,97.44,100.00,100.00,100.00
25665_0      25665
25665_1      25665
25665_2      25665
25665_3      25665
25665_4      25665
             ...  
25665_124    25665
25665_125    25665
25665_126    25665
25665_127    25665
25665_128    25665
Name: seqID, Length: 129, dtype: object,88.37,87.60,86.82,89.13,88.35,87.93
25672_0     25672
25672_1     25672
25672_2     25672
25672_3     25672
25672_4     25672
25672_5     25672
25672_6     25672
25672_7     25672
25672_8     25672
25672_9     25672
25672_10    25672
25672_11    25672
25672_12    25672
25672_13    25672
25672_14    25672
25672_15    25672
25672_16    25672
25672_17    25672
25672_18    25672
25672_19    25672
25672_20    25672
25672_21    25672
25672_22    25672
25672_23    25672
25672_24    25672
25672_25    25672
25672_26    25672
25672_27    25672
25672_28    25672
25672_29    25672
25672_30    25672
25672_31    25672
25672_32    25672
25672_33    25672
25672_34    25672
25672_35    25672
25672_36    25672
25672_37    25672
25672_38    25672
25672_39    25672
25672_40    25672
25672_41    25672
25672_42    25672
25672_43    25672
25672_44    25672
Name: seqID, dtype: object,66.67,64.44,66.67,63.02,60.71,68.64
25686_0      25686
25686_1      25686
25686_2      25686
25686_3      25686
25686_4      25686
             ...  
25686_106    25686
25686_107    25686
25686_108    25686
25686_109    25686
25686_110    25686
Name: seqID, Length: 111, dtype: object,90.09,88.29,89.19,96.88,96.39,96.88
25689_0      25689
25689_1      25689
25689_2      25689
25689_3      25689
25689_4      25689
             ...  
25689_196    25689
25689_197    25689
25689_198    25689
25689_199    25689
25689_200    25689
Name: seqID, Length: 201, dtype: object,84.08,84.58,83.08,87.35,88.51,76.18
25693_0      25693
25693_1      25693
25693_2      25693
25693_3      25693
25693_4      25693
             ...  
25693_143    25693
25693_144    25693
25693_145    25693
25693_146    25693
25693_147    25693
Name: seqID, Length: 148, dtype: object,92.57,91.89,87.16,97.30,97.97,89.74
25715_0      25715
25715_1      25715
25715_2      25715
25715_3      25715
25715_4      25715
             ...  
25715_123    25715
25715_124    25715
25715_125    25715
25715_126    25715
25715_127    25715
Name: seqID, Length: 128, dtype: object,78.91,80.47,78.91,80.75,81.97,79.66
25717_0      25717
25717_1      25717
25717_2      25717
25717_3      25717
25717_4      25717
             ...  
25717_117    25717
25717_118    25717
25717_119    25717
25717_120    25717
25717_121    25717
Name: seqID, Length: 122, dtype: object,74.59,73.77,72.95,72.69,74.25,78.02
25721_0      25721
25721_1      25721
25721_2      25721
25721_3      25721
25721_4      25721
             ...  
25721_155    25721
25721_156    25721
25721_157    25721
25721_158    25721
25721_159    25721
Name: seqID, Length: 160, dtype: object,89.37,86.87,88.75,94.17,92.25,95.47
25722_0      25722
25722_1      25722
25722_2      25722
25722_3      25722
25722_4      25722
             ...  
25722_125    25722
25722_126    25722
25722_127    25722
25722_128    25722
25722_129    25722
Name: seqID, Length: 130, dtype: object,86.92,87.69,87.69,93.46,95.00,93.33
25726_0      25726
25726_1      25726
25726_2      25726
25726_3      25726
25726_4      25726
             ...  
25726_143    25726
25726_144    25726
25726_145    25726
25726_146    25726
25726_147    25726
Name: seqID, Length: 148, dtype: object,85.81,86.49,85.81,77.12,77.67,77.12
25737_0      25737
25737_1      25737
25737_2      25737
25737_3      25737
25737_4      25737
             ...  
25737_264    25737
25737_265    25737
25737_266    25737
25737_267    25737
25737_268    25737
Name: seqID, Length: 269, dtype: object,84.01,84.01,81.04,83.62,84.13,84.29
25741_0      25741
25741_1      25741
25741_2      25741
25741_3      25741
25741_4      25741
             ...  
25741_247    25741
25741_248    25741
25741_249    25741
25741_250    25741
25741_251    25741
Name: seqID, Length: 252, dtype: object,73.02,73.02,72.22,65.66,70.37,68.13
25778_0      25778
25778_1      25778
25778_2      25778
25778_3      25778
25778_4      25778
             ...  
25778_181    25778
25778_182    25778
25778_183    25778
25778_184    25778
25778_185    25778
Name: seqID, Length: 186, dtype: object,82.26,77.96,75.27,80.83,77.07,62.26
25785_0      25785
25785_1      25785
25785_2      25785
25785_3      25785
25785_4      25785
             ...  
25785_171    25785
25785_172    25785
25785_173    25785
25785_174    25785
25785_175    25785
Name: seqID, Length: 176, dtype: object,72.73,71.59,72.16,74.99,71.62,76.28
25786_0     25786
25786_1     25786
25786_2     25786
25786_3     25786
25786_4     25786
            ...  
25786_77    25786
25786_78    25786
25786_79    25786
25786_80    25786
25786_81    25786
Name: seqID, Length: 82, dtype: object,91.46,90.24,91.46,99.09,98.35,99.09
25787_0     25787
25787_1     25787
25787_2     25787
25787_3     25787
25787_4     25787
            ...  
25787_73    25787
25787_74    25787
25787_75    25787
25787_76    25787
25787_77    25787
Name: seqID, Length: 78, dtype: object,78.21,83.33,76.92,51.39,41.20,51.51
25797_0      25797
25797_1      25797
25797_2      25797
25797_3      25797
25797_4      25797
             ...  
25797_244    25797
25797_245    25797
25797_246    25797
25797_247    25797
25797_248    25797
Name: seqID, Length: 249, dtype: object,86.35,87.55,79.52,90.59,89.20,86.84
25799_0      25799
25799_1      25799
25799_2      25799
25799_3      25799
25799_4      25799
             ...  
25799_134    25799
25799_135    25799
25799_136    25799
25799_137    25799
25799_138    25799
Name: seqID, Length: 139, dtype: object,81.29,84.17,80.58,80.71,79.48,80.33
25812_0      25812
25812_1      25812
25812_2      25812
25812_3      25812
25812_4      25812
             ...  
25812_286    25812
25812_287    25812
25812_288    25812
25812_289    25812
25812_290    25812
Name: seqID, Length: 291, dtype: object,83.16,84.19,79.04,80.86,80.40,78.76
25813_0      25813
25813_1      25813
25813_2      25813
25813_3      25813
25813_4      25813
             ...  
25813_243    25813
25813_244    25813
25813_245    25813
25813_246    25813
25813_247    25813
Name: seqID, Length: 248, dtype: object,79.84,81.05,76.61,78.90,77.60,76.29
25816_0      25816
25816_1      25816
25816_2      25816
25816_3      25816
25816_4      25816
             ...  
25816_364    25816
25816_365    25816
25816_366    25816
25816_367    25816
25816_368    25816
Name: seqID, Length: 369, dtype: object,87.53,86.99,85.37,78.52,80.18,77.59
25827_0      25827
25827_1      25827
25827_2      25827
25827_3      25827
25827_4      25827
             ...  
25827_215    25827
25827_216    25827
25827_217    25827
25827_218    25827
25827_219    25827
Name: seqID, Length: 220, dtype: object,74.55,76.36,75.00,66.18,68.65,65.16
25828_0      25828
25828_1      25828
25828_2      25828
25828_3      25828
25828_4      25828
             ...  
25828_125    25828
25828_126    25828
25828_127    25828
25828_128    25828
25828_129    25828
Name: seqID, Length: 130, dtype: object,86.15,83.85,83.85,93.56,92.04,91.07
25848_0      25848
25848_1      25848
25848_2      25848
25848_3      25848
25848_4      25848
             ...  
25848_354    25848
25848_355    25848
25848_356    25848
25848_357    25848
25848_358    25848
Name: seqID, Length: 359, dtype: object,87.19,84.40,85.24,79.79,78.40,77.58
25865_0      25865
25865_1      25865
25865_2      25865
25865_3      25865
25865_4      25865
             ...  
25865_499    25865
25865_500    25865
25865_501    25865
25865_502    25865
25865_503    25865
Name: seqID, Length: 504, dtype: object,72.62,70.24,66.47,65.98,64.39,54.38
25868_0     25868
25868_1     25868
25868_2     25868
25868_3     25868
25868_4     25868
25868_5     25868
25868_6     25868
25868_7     25868
25868_8     25868
25868_9     25868
25868_10    25868
25868_11    25868
25868_12    25868
25868_13    25868
25868_14    25868
25868_15    25868
25868_16    25868
25868_17    25868
25868_18    25868
25868_19    25868
25868_20    25868
25868_21    25868
25868_22    25868
25868_23    25868
25868_24    25868
25868_25    25868
25868_26    25868
25868_27    25868
25868_28    25868
25868_29    25868
25868_30    25868
25868_31    25868
25868_32    25868
25868_33    25868
25868_34    25868
25868_35    25868
25868_36    25868
25868_37    25868
Name: seqID, dtype: object,89.47,86.84,84.21,100.00,97.37,98.68
25870_0     25870
25870_1     25870
25870_2     25870
25870_3     25870
25870_4     25870
25870_5     25870
25870_6     25870
25870_7     25870
25870_8     25870
25870_9     25870
25870_10    25870
25870_11    25870
25870_12    25870
25870_13    25870
25870_14    25870
25870_15    25870
25870_16    25870
25870_17    25870
25870_18    25870
25870_19    25870
25870_20    25870
25870_21    25870
25870_22    25870
25870_23    25870
25870_24    25870
25870_25    25870
25870_26    25870
25870_27    25870
25870_28    25870
25870_29    25870
25870_30    25870
25870_31    25870
25870_32    25870
25870_33    25870
25870_34    25870
25870_35    25870
25870_36    25870
Name: seqID, dtype: object,56.76,43.24,72.97,44.70,39.83,57.53
25877_0      25877
25877_1      25877
25877_2      25877
25877_3      25877
25877_4      25877
             ...  
25877_152    25877
25877_153    25877
25877_154    25877
25877_155    25877
25877_156    25877
Name: seqID, Length: 157, dtype: object,75.16,69.43,74.52,69.86,69.38,67.82
25895_0      25895
25895_1      25895
25895_2      25895
25895_3      25895
25895_4      25895
             ...  
25895_517    25895
25895_518    25895
25895_519    25895
25895_520    25895
25895_521    25895
Name: seqID, Length: 522, dtype: object,80.08,80.84,76.05,71.44,72.71,70.08
25920_0      25920
25920_1      25920
25920_2      25920
25920_3      25920
25920_4      25920
             ...  
25920_134    25920
25920_135    25920
25920_136    25920
25920_137    25920
25920_138    25920
Name: seqID, Length: 139, dtype: object,83.45,84.17,81.29,80.42,88.80,76.69
25926_0      25926
25926_1      25926
25926_2      25926
25926_3      25926
25926_4      25926
             ...  
25926_110    25926
25926_111    25926
25926_112    25926
25926_113    25926
25926_114    25926
Name: seqID, Length: 115, dtype: object,81.74,80.00,66.96,73.96,70.29,59.35
25931_0      25931
25931_1      25931
25931_2      25931
25931_3      25931
25931_4      25931
             ...  
25931_115    25931
25931_116    25931
25931_117    25931
25931_118    25931
25931_119    25931
Name: seqID, Length: 120, dtype: object,91.67,90.83,90.83,94.75,94.75,87.81
25932_0     25932
25932_1     25932
25932_2     25932
25932_3     25932
25932_4     25932
            ...  
25932_79    25932
25932_80    25932
25932_81    25932
25932_82    25932
25932_83    25932
Name: seqID, Length: 84, dtype: object,78.57,84.52,71.43,82.18,85.91,76.34
25934_0      25934
25934_1      25934
25934_2      25934
25934_3      25934
25934_4      25934
             ...  
25934_191    25934
25934_192    25934
25934_193    25934
25934_194    25934
25934_195    25934
Name: seqID, Length: 196, dtype: object,80.61,80.61,80.61,88.31,86.60,89.04
25935_0      25935
25935_1      25935
25935_2      25935
25935_3      25935
25935_4      25935
             ...  
25935_135    25935
25935_136    25935
25935_137    25935
25935_138    25935
25935_139    25935
Name: seqID, Length: 140, dtype: object,81.43,81.43,81.43,87.31,87.31,86.02
25942_0      25942
25942_1      25942
25942_2      25942
25942_3      25942
25942_4      25942
             ...  
25942_123    25942
25942_124    25942
25942_125    25942
25942_126    25942
25942_127    25942
Name: seqID, Length: 128, dtype: object,84.37,82.81,85.16,90.62,89.84,92.54
25945_0     25945
25945_1     25945
25945_2     25945
25945_3     25945
25945_4     25945
            ...  
25945_66    25945
25945_67    25945
25945_68    25945
25945_69    25945
25945_70    25945
Name: seqID, Length: 71, dtype: object,84.51,80.28,85.92,90.17,92.35,88.78
25977_0      25977
25977_1      25977
25977_2      25977
25977_3      25977
25977_4      25977
             ...  
25977_135    25977
25977_136    25977
25977_137    25977
25977_138    25977
25977_139    25977
Name: seqID, Length: 140, dtype: object,77.86,76.43,77.14,74.83,74.34,81.55
25979_0      25979
25979_1      25979
25979_2      25979
25979_3      25979
25979_4      25979
             ...  
25979_515    25979
25979_516    25979
25979_517    25979
25979_518    25979
25979_519    25979
Name: seqID, Length: 520, dtype: object,77.69,76.15,75.19,76.78,74.05,73.00
25996_0      25996
25996_1      25996
25996_2      25996
25996_3      25996
25996_4      25996
             ...  
25996_106    25996
25996_107    25996
25996_108    25996
25996_109    25996
25996_110    25996
Name: seqID, Length: 111, dtype: object,87.39,89.19,87.39,78.78,77.68,78.78
25999_0     25999
25999_1     25999
25999_2     25999
25999_3     25999
25999_4     25999
            ...  
25999_72    25999
25999_73    25999
25999_74    25999
25999_75    25999
25999_76    25999
Name: seqID, Length: 77, dtype: object,93.51,92.21,96.10,97.40,97.40,98.70
26000_0      26000
26000_1      26000
26000_2      26000
26000_3      26000
26000_4      26000
             ...  
26000_280    26000
26000_281    26000
26000_282    26000
26000_283    26000
26000_284    26000
Name: seqID, Length: 285, dtype: object,87.37,86.32,85.61,89.80,89.53,88.60
26003_0      26003
26003_1      26003
26003_2      26003
26003_3      26003
26003_4      26003
             ...  
26003_114    26003
26003_115    26003
26003_116    26003
26003_117    26003
26003_118    26003
Name: seqID, Length: 119, dtype: object,86.55,84.87,80.67,91.62,89.57,81.81
26020_0     26020
26020_1     26020
26020_2     26020
26020_3     26020
26020_4     26020
            ...  
26020_92    26020
26020_93    26020
26020_94    26020
26020_95    26020
26020_96    26020
Name: seqID, Length: 97, dtype: object,75.26,72.16,77.32,76.52,66.79,77.05
26036_0     26036
26036_1     26036
26036_2     26036
26036_3     26036
26036_4     26036
26036_5     26036
26036_6     26036
26036_7     26036
26036_8     26036
26036_9     26036
26036_10    26036
26036_11    26036
26036_12    26036
26036_13    26036
26036_14    26036
26036_15    26036
26036_16    26036
26036_17    26036
26036_18    26036
26036_19    26036
26036_20    26036
26036_21    26036
26036_22    26036
26036_23    26036
26036_24    26036
26036_25    26036
26036_26    26036
26036_27    26036
26036_28    26036
26036_29    26036
26036_30    26036
26036_31    26036
26036_32    26036
26036_33    26036
26036_34    26036
26036_35    26036
26036_36    26036
26036_37    26036
26036_38    26036
26036_39    26036
26036_40    26036
26036_41    26036
26036_42    26036
26036_43    26036
26036_44    26036
26036_45    26036
26036_46    26036
Name: seqID, dtype: object,53.19,55.32,46.81,54.40,52.01,42.38
26038_0      26038
26038_1      26038
26038_2      26038
26038_3      26038
26038_4      26038
             ...  
26038_109    26038
26038_110    26038
26038_111    26038
26038_112    26038
26038_113    26038
Name: seqID, Length: 114, dtype: object,89.47,89.47,87.72,97.15,97.76,95.27
26040_0      26040
26040_1      26040
26040_2      26040
26040_3      26040
26040_4      26040
             ...  
26040_139    26040
26040_140    26040
26040_141    26040
26040_142    26040
26040_143    26040
Name: seqID, Length: 144, dtype: object,88.19,86.81,86.81,82.76,74.52,82.47
26043_0     26043
26043_1     26043
26043_2     26043
26043_3     26043
26043_4     26043
            ...  
26043_75    26043
26043_76    26043
26043_77    26043
26043_78    26043
26043_79    26043
Name: seqID, Length: 80, dtype: object,85.00,80.00,82.50,78.85,75.62,78.55
26057_0      26057
26057_1      26057
26057_2      26057
26057_3      26057
26057_4      26057
             ...  
26057_113    26057
26057_114    26057
26057_115    26057
26057_116    26057
26057_117    26057
Name: seqID, Length: 118, dtype: object,46.61,47.46,44.92,53.24,44.52,44.13
26066_0      26066
26066_1      26066
26066_2      26066
26066_3      26066
26066_4      26066
             ...  
26066_371    26066
26066_372    26066
26066_373    26066
26066_374    26066
26066_375    26066
Name: seqID, Length: 376, dtype: object,73.67,71.54,78.19,79.61,76.61,82.48
26067_0      26067
26067_1      26067
26067_2      26067
26067_3      26067
26067_4      26067
             ...  
26067_107    26067
26067_108    26067
26067_109    26067
26067_110    26067
26067_111    26067
Name: seqID, Length: 112, dtype: object,84.82,83.93,80.36,78.64,83.41,72.12
26068_0      26068
26068_1      26068
26068_2      26068
26068_3      26068
26068_4      26068
             ...  
26068_230    26068
26068_231    26068
26068_232    26068
26068_233    26068
26068_234    26068
Name: seqID, Length: 235, dtype: object,83.83,82.55,84.68,73.10,74.76,72.53
26071_0      26071
26071_1      26071
26071_2      26071
26071_3      26071
26071_4      26071
             ...  
26071_203    26071
26071_204    26071
26071_205    26071
26071_206    26071
26071_207    26071
Name: seqID, Length: 208, dtype: object,79.81,76.92,75.48,70.45,71.28,73.59
26074_0      26074
26074_1      26074
26074_2      26074
26074_3      26074
26074_4      26074
             ...  
26074_195    26074
26074_196    26074
26074_197    26074
26074_198    26074
26074_199    26074
Name: seqID, Length: 200, dtype: object,73.50,70.00,73.50,55.55,59.63,53.31
26077_0     26077
26077_1     26077
26077_2     26077
26077_3     26077
26077_4     26077
26077_5     26077
26077_6     26077
26077_7     26077
26077_8     26077
26077_9     26077
26077_10    26077
26077_11    26077
26077_12    26077
26077_13    26077
26077_14    26077
26077_15    26077
26077_16    26077
26077_17    26077
26077_18    26077
26077_19    26077
26077_20    26077
26077_21    26077
26077_22    26077
26077_23    26077
26077_24    26077
26077_25    26077
26077_26    26077
26077_27    26077
26077_28    26077
26077_29    26077
26077_30    26077
26077_31    26077
26077_32    26077
26077_33    26077
26077_34    26077
Name: seqID, dtype: object,65.71,77.14,60.00,63.28,72.25,57.70
26079_0      26079
26079_1      26079
26079_2      26079
26079_3      26079
26079_4      26079
             ...  
26079_472    26079
26079_473    26079
26079_474    26079
26079_475    26079
26079_476    26079
Name: seqID, Length: 477, dtype: object,80.29,77.99,79.04,82.72,75.48,72.11
26083_0     26083
26083_1     26083
26083_2     26083
26083_3     26083
26083_4     26083
            ...  
26083_67    26083
26083_68    26083
26083_69    26083
26083_70    26083
26083_71    26083
Name: seqID, Length: 72, dtype: object,91.67,83.33,87.50,76.69,68.99,43.57
26087_0     26087
26087_1     26087
26087_2     26087
26087_3     26087
26087_4     26087
            ...  
26087_82    26087
26087_83    26087
26087_84    26087
26087_85    26087
26087_86    26087
Name: seqID, Length: 87, dtype: object,78.16,79.31,77.01,87.24,86.85,77.10
26123_0      26123
26123_1      26123
26123_2      26123
26123_3      26123
26123_4      26123
             ...  
26123_108    26123
26123_109    26123
26123_110    26123
26123_111    26123
26123_112    26123
Name: seqID, Length: 113, dtype: object,88.50,89.38,84.96,86.25,79.56,85.65
26130_0      26130
26130_1      26130
26130_2      26130
26130_3      26130
26130_4      26130
             ...  
26130_359    26130
26130_360    26130
26130_361    26130
26130_362    26130
26130_363    26130
Name: seqID, Length: 364, dtype: object,81.87,80.77,76.10,78.61,79.21,70.48
26135_0      26135
26135_1      26135
26135_2      26135
26135_3      26135
26135_4      26135
             ...  
26135_100    26135
26135_101    26135
26135_102    26135
26135_103    26135
26135_104    26135
Name: seqID, Length: 105, dtype: object,86.67,86.67,84.76,90.40,92.74,87.49
26142_0      26142
26142_1      26142
26142_2      26142
26142_3      26142
26142_4      26142
             ...  
26142_271    26142
26142_272    26142
26142_273    26142
26142_274    26142
26142_275    26142
Name: seqID, Length: 276, dtype: object,78.99,76.09,78.62,75.00,67.16,75.40
26149_0     26149
26149_1     26149
26149_2     26149
26149_3     26149
26149_4     26149
26149_5     26149
26149_6     26149
26149_7     26149
26149_8     26149
26149_9     26149
26149_10    26149
26149_11    26149
26149_12    26149
26149_13    26149
26149_14    26149
26149_15    26149
26149_16    26149
26149_17    26149
26149_18    26149
26149_19    26149
26149_20    26149
26149_21    26149
26149_22    26149
26149_23    26149
26149_24    26149
26149_25    26149
26149_26    26149
26149_27    26149
26149_28    26149
26149_29    26149
26149_30    26149
26149_31    26149
26149_32    26149
26149_33    26149
26149_34    26149
26149_35    26149
26149_36    26149
26149_37    26149
26149_38    26149
26149_39    26149
26149_40    26149
26149_41    26149
26149_42    26149
26149_43    26149
26149_44    26149
26149_45    26149
26149_46    26149
26149_47    26149
26149_48    26149
26149_49    26149
26149_50    26149
26149_51    26149
26149_52    26149
Name: seqID, dtype: object,79.25,67.92,81.13,81.17,72.21,81.17
26155_0      26155
26155_1      26155
26155_2      26155
26155_3      26155
26155_4      26155
             ...  
26155_252    26155
26155_253    26155
26155_254    26155
26155_255    26155
26155_256    26155
Name: seqID, Length: 257, dtype: object,74.32,72.37,70.04,68.46,63.58,66.33
26170_0      26170
26170_1      26170
26170_2      26170
26170_3      26170
26170_4      26170
             ...  
26170_309    26170
26170_310    26170
26170_311    26170
26170_312    26170
26170_313    26170
Name: seqID, Length: 314, dtype: object,85.67,85.03,80.89,85.02,87.14,77.71
26178_0     26178
26178_1     26178
26178_2     26178
26178_3     26178
26178_4     26178
            ...  
26178_84    26178
26178_85    26178
26178_86    26178
26178_87    26178
26178_88    26178
Name: seqID, Length: 89, dtype: object,83.15,77.53,74.16,93.67,94.38,34.60
26186_0      26186
26186_1      26186
26186_2      26186
26186_3      26186
26186_4      26186
             ...  
26186_452    26186
26186_453    26186
26186_454    26186
26186_455    26186
26186_456    26186
Name: seqID, Length: 457, dtype: object,76.15,72.21,76.81,68.03,62.69,69.46
26187_0     26187
26187_1     26187
26187_2     26187
26187_3     26187
26187_4     26187
26187_5     26187
26187_6     26187
26187_7     26187
26187_8     26187
26187_9     26187
26187_10    26187
26187_11    26187
26187_12    26187
26187_13    26187
26187_14    26187
26187_15    26187
26187_16    26187
26187_17    26187
26187_18    26187
26187_19    26187
26187_20    26187
26187_21    26187
26187_22    26187
26187_23    26187
26187_24    26187
26187_25    26187
26187_26    26187
26187_27    26187
26187_28    26187
26187_29    26187
26187_30    26187
26187_31    26187
26187_32    26187
26187_33    26187
26187_34    26187
26187_35    26187
26187_36    26187
26187_37    26187
26187_38    26187
26187_39    26187
26187_40    26187
26187_41    26187
26187_42    26187
26187_43    26187
26187_44    26187
26187_45    26187
26187_46    26187
26187_47    26187
26187_48    26187
26187_49    26187
26187_50    26187
26187_51    26187
Name: seqID, dtype: object,82.69,82.69,84.62,96.41,88.30,95.96
26188_0      26188
26188_1      26188
26188_2      26188
26188_3      26188
26188_4      26188
             ...  
26188_191    26188
26188_192    26188
26188_193    26188
26188_194    26188
26188_195    26188
Name: seqID, Length: 196, dtype: object,83.16,82.14,85.71,74.28,79.89,79.56
