seqID,domain,pdbId
24695,d1a12a_,1a12
24696,d1a1xa_,1a1x
24697,d1a62a1,1a62
24698,d1a9xa1,1a9x
24699,d1a9xb1,1a9x
24700,d1acoa1,1aco
24701,d1acoa2,1aco
24702,d1ad2a_,1ad2
24703,d1ae9a_,1ae9
24704,d1af7a1,1af7
24705,d1ah7a_,1ah7
24706,d1aiea_,1aie
24707,d1aola_,1aol
24708,d1ayoa_,1ayo
24709,d1b0na1,1b0n
24710,d1b25a1,1b25
24711,d1b25a2,1b25
24712,d1b33n_,1b33
24713,d1b79a_,1b79
24714,d1bcoa1,1bco
24715,d1bg1a1,1bg1
24716,d1bgfa_,1bgf
24717,d1bkra_,1bkr
24718,d1bm8a_,1bm8
24719,d1boua_,1bou
24720,d1boub_,1bou
24721,d1bx7a_,1bx7
24722,d1bxya_,1bxy
24723,d1byia_,1byi
24724,d1c1ka_,1c1k
24725,d1c5ea_,1c5e
24726,d1c75a_,1c75
24727,d1cc8a_,1cc8
24728,d1ccwa_,1ccw
24729,d1ccwb_,1ccw
24730,d1cfza_,1cfz
24731,d1chda_,1chd
24732,d1ci4a_,1ci4
24733,d1cipa1,1cip
24734,d1ciya2,1ciy
24735,d1ciya3,1ciy
24736,d1cola_,1col
24737,d1cq3a_,1cq3
24738,d1crua_,1cru
24739,d1cuka1,1cuk
24740,d1cxqa_,1cxq
24741,d1cxzb_,1cxz
24742,d1cy5a_,1cy5
24743,d1d0qa_,1d0q
24744,d1d3ya_,1d3y
24745,d1dcea2,1dce
24746,d1dd9a_,1dd9
24747,d1dfup_,1dfu
24748,d1dj0a_,1dj0
24749,d1dj8a_,1dj8
24750,d1dk8a_,1dk8
24751,d1dl5a2,1dl5
24752,d1ds1a_,1ds1
24753,d1dtdb_,1dtd
24754,d1dvoa_,1dvo
24755,d1dwka2,1dwk
24756,d1dy5a_,1dy5
24757,d1dzfa1,1dzf
24758,d1dzfa2,1dzf
24759,d1e44b_,1e44
24760,d1e58a_,1e58
24761,d1e7la1,1e7l
24762,d1e8ca1,1e8c
24763,d1eb6a_,1eb6
24764,d1ecwa_,1ecw
24765,d1eexb_,1eex
24766,d1eexg_,1eex
24767,d1ef1c_,1ef1
24768,d1egwa_,1egw
24769,d1ei5a1,1ei5
24770,d1ei7a_,1ei7
24771,d1el6a_,1el6
24772,d1elva2,1elv
24773,d1em8b_,1em8
24774,d1eu1a1,1eu1
24775,d1eu1a2,1eu1
24776,d1euwa_,1euw
24777,d1ewfa1,1ewf
24778,d1ex0a2,1ex0
24779,d1ezga_,1ezg
24780,d1f00i1,1f00
24781,d1f0la1,1f0l
24782,d1f0la3,1f0l
24783,d1f1ea_,1f1e
24784,d1f1ma_,1f1m
24785,d1f35a_,1f35
24786,d1f3ua_,1f3u
24787,d1f3va_,1f3v
24788,d1f44a1,1f44
24789,d1f46a_,1f46
24790,d1f5na1,1f5n
24791,d1f60b_,1f60
24792,d1f7ua3,1f7u
24793,d1f86a_,1f86
24794,d1fcya_,1fcy
24795,d1fjra_,1fjr
24796,d1fkma1,1fkm
24797,d1fm0d_,1fm0
24798,d1fm0e_,1fm0
24799,d1fn9a_,1fn9
24800,d1fpoa2,1fpo
24801,d1fs1a1,1fs1
24802,d1fsga_,1fsg
24803,d1ftra1,1ftr
24804,d1fx2a_,1fx2
24805,d1fxka_,1fxk
24806,d1g2ra_,1g2r
24807,d1g2ya_,1g2y
24808,d1g3pa1,1g3p
24809,d1g6xa_,1g6x
24810,d1g73a_,1g73
24811,d1g7sa3,1g7s
24812,d1g8ea_,1g8e
24813,d1g8qa_,1g8q
24814,d1gcia_,1gci
24815,d1gd8a_,1gd8
24816,d1gmua1,1gmu
24817,d1gmua2,1gmu
24818,d1gmxa_,1gmx
24819,d1go3e2,1go3
24820,d1goia1,1goi
24821,d1gp0a_,1gp0
24822,d1gpja1,1gpj
24823,d1gpja3,1gpj
24824,d1gpqa_,1gpq
24825,d1gqea_,1gqe
24826,d1gqia2,1gqi
24827,d1gs9a_,1gs9
24828,d1gtea1,1gte
24829,d1gvna_,1gvn
24830,d1gwea_,1gwe
24831,d1gxma_,1gxm
24832,d1gxua_,1gxu
24833,d1gzsb_,1gzs
24834,d1h16a_,1h16
24835,d1h2ca_,1h2c
24836,d1h2sb_,1h2s
24837,d1h4ra1,1h4r
24838,d1h4xa_,1h4x
24839,d1h7ca_,1h7c
24840,d1h99a1,1h99
24841,d1hbna1,1hbn
24842,d1hbna2,1hbn
24843,d1hc7a3,1hc7
24844,d1he1a_,1he1
24845,d1hf2a1,1hf2
24846,d1hfes_,1hfe
24847,d1hi9a_,1hi9
24848,d1hp1a1,1hp1
24849,d1hq1a_,1hq1
24850,d1hufa_,1huf
24851,d1hw1a2,1hw1
24852,d1hxra_,1hxr
24853,d1hyoa1,1hyo
24854,d1hyoa2,1hyo
24855,d1i1wa_,1i1w
24856,d1i2ta_,1i2t
24857,d1i3ja_,1i3j
24858,d1i4ja_,1i4j
24859,d1i71a_,1i71
24860,d1ifra_,1ifr
24861,d1ijqa1,1ijq
24862,d1ijya_,1ijy
24863,d1ik9a1,1ik9
24864,d1ikpa3,1ikp
24865,d1in0a1,1in0
24866,d1io0a_,1io0
24867,d1io1a_,1io1
24868,d1ioma_,1iom
24869,d1iq4a_,1iq4
24870,d1iqza_,1iqz
24871,d1irqa_,1irq
24872,d1itxa2,1itx
24873,d1ix9a1,1ix9
24874,d1ix9a2,1ix9
24875,d1izma_,1izm
24876,d1j09a1,1j09
24877,d1j0pa_,1j0p
24878,d1j27a_,1j27
24879,d1j3wa_,1j3w
24880,d1j5ua_,1j5u
24881,d1j5ya2,1j5y
24882,d1j98a_,1j98
24883,d1jb0a_,1jb0
24884,d1jb0d_,1jb0
24885,d1jb0f_,1jb0
24886,d1jb0i_,1jb0
24887,d1jb0j_,1jb0
24888,d1jb0l_,1jb0
24889,d1jb0m_,1jb0
24890,d1jb3a_,1jb3
24891,d1jfba_,1jfb
24892,d1jhga_,1jhg
24893,d1ji7a_,1ji7
24894,d1jida_,1jid
24895,d1jkea_,1jke
24896,d1jlya1,1jly
24897,d1jm1a_,1jm1
24898,d1jmma_,1jmm
24899,d1jnra1,1jnr
24900,d1jo0a_,1jo0
24901,d1jofa_,1jof
24902,d1josa_,1jos
24903,d1jr8a_,1jr8
24904,d1js8a2,1js8
24905,d1jw9b_,1jw9
24906,d1jx4a1,1jx4
24907,d1jz8a1,1jz8
24908,d1k04a_,1k04
24909,d1k0ra4,1k0r
24910,d1k1fa_,1k1f
24911,d1k32a2,1k32
24912,d1k32a3,1k32
24913,d1k3ia3,1k3i
24914,d1k3xa1,1k3x
24915,d1k3xa2,1k3x
24916,d1k3xa3,1k3x
24917,d1k4ia_,1k4i
24918,d1k4ta1,1k4t
24919,d1k4za_,1k4z
24920,d1k5ca_,1k5c
24921,d1k5na2,1k5n
24922,d1k6ka_,1k6k
24923,d1k6ya1,1k6y
24924,d1k7ca_,1k7c
24925,d1k8kd1,1k8k
24926,d1k8ke_,1k8k
24927,d1k8kg_,1k8k
24928,d1k92a2,1k92
24929,d1ka1a_,1ka1
24930,d1kafa_,1kaf
24931,d1kapp1,1kap
24932,d1kbla2,1kbl
24933,d1kgsa1,1kgs
24934,d1kjna_,1kjn
24935,d1kjqa1,1kjq
24936,d1kjqa2,1kjq
24937,d1kjqa3,1kjq
24938,d1kl9a1,1kl9
24939,d1klxa_,1klx
24940,d1kmva_,1kmv
24941,d1knma_,1knm
24942,d1knza_,1knz
24943,d1ko7a1,1ko7
24944,d1kp6a_,1kp6
24945,d1kpta_,1kpt
24946,d1kq6a_,1kq6
24947,d1kqfb2,1kqf
24948,d1kqfc_,1kqf
24949,d1kqpa_,1kqp
24950,d1kwfa_,1kwf
24951,d1kyfa1,1kyf
24952,d1kyfa2,1kyf
24953,d1kyqa2,1kyq
24954,d1kzqa1,1kzq
24955,d1l0qa1,1l0q
24956,d1l0sa_,1l0s
24957,d1l2pa_,1l2p
24958,d1l3ka1,1l3k
24959,d1l3la2,1l3l
24960,d1l3pa_,1l3p
24961,d1l5ja1,1l5j
24962,d1l6pa_,1l6p
24963,d1l9la_,1l9l
24964,d1lc0a2,1lc0
24965,d1lfpa_,1lfp
24966,d1lg7a_,1lg7
24967,d1lkka_,1lkk
24968,d1llaa1,1lla
24969,d1lm5a_,1lm5
24970,d1lm8v_,1lm8
24971,d1lmia_,1lmi
24972,d1lnsa1,1lns
24973,d1lpba1,1lpb
24974,d1lrza1,1lrz
24975,d1ls1a1,1ls1
24976,d1lsha1,1lsh
24977,d1lsha2,1lsh
24978,d1lsla1,1lsl
24979,d1m0ka_,1m0k
24980,d1m15a1,1m15
24981,d1m15a2,1m15
24982,d1m1eb_,1m1e
24983,d1m1fa_,1m1f
24984,d1m1ha1,1m1h
24985,d1m22a_,1m22
24986,d1m55a_,1m55
24987,d1m56d_,1m56
24988,d1m6ya1,1m6y
24989,d1mc2a_,1mc2
24990,d1mf7a_,1mf7
24991,d1mg4a_,1mg4
24992,d1mj4a_,1mj4
24993,d1mk0a_,1mk0
24994,d1mkfa_,1mkf
24995,d1mkya3,1mky
24996,d1mlaa2,1mla
24997,d1mtyg_,1mty
24998,d1muwa_,1muw
24999,d1mv8a3,1mv8
25000,d1mvfd_,1mvf
25001,d1mw5a_,1mw5
25002,d1mwpa_,1mwp
25003,d1mwqa_,1mwq
25004,d1n3la_,1n3l
25005,d1n4wa2,1n4w
25006,d1n5ua1,1n5u
25007,d1n62a1,1n62
25008,d1n62b1,1n62
25009,d1n62b2,1n62
25010,d1n62c1,1n62
25011,d1n62c2,1n62
25012,d1n7za_,1n7z
25013,d1n81a_,1n81
25014,d1n8va_,1n8v
25015,d1n93x_,1n93
25016,d1na6a1,1na6
25017,d1nc7a_,1nc7
25018,d1ng6a_,1ng6
25019,d1nh1a_,1nh1
25020,d1nh2b_,1nh2
25021,d1nh2c_,1nh2
25022,d1nija2,1nij
25023,d1nkda_,1nkd
25024,d1nkia_,1nki
25025,d1nkpa_,1nkp
25026,d1nkza_,1nkz
25027,d1nlqa_,1nlq
25028,d1no1a_,1no1
25029,d1nqja_,1nqj
25030,d1nqua_,1nqu
25031,d1nrja_,1nrj
25032,d1ntha_,1nth
25033,d1ntya1,1nty
25034,d1nu9c1,1nu9
25035,d1nvus_,1nvu
25036,d1nwza_,1nwz
25037,d1nxja_,1nxj
25038,d1nyca_,1nyc
25039,d1nzea_,1nze
25040,d1nzia1,1nzi
25041,d1o22a_,1o22
25042,d1o2da_,1o2d
25043,d1o3ua_,1o3u
25044,d1o6aa_,1o6a
25045,d1o75a1,1o75
25046,d1o75a3,1o75
25047,d1o7ja_,1o7j
25048,d1o7qa_,1o7q
25049,d1o82a_,1o82
25050,d1o8ba2,1o8b
25051,d1o98a1,1o98
25052,d1oa8a_,1oa8
25053,d1oaca4,1oac
25054,d1oaia_,1oai
25055,d1oc0b_,1oc0
25056,d1ocya_,1ocy
25057,d1ofcx3,1ofc
25058,d1ofda1,1ofd
25059,d1ofza_,1ofz
25060,d1ogmx1,1ogm
25061,d1oisa_,1ois
25062,d1ojha_,1ojh
25063,d1ok0a_,1ok0
25064,d1okca_,1okc
25065,d1oksa_,1oks
25066,d1olma2,1olm
25067,d1olza2,1olz
25068,d1olza3,1olz
25069,d1on2a2,1on2
25070,d1oo0a_,1oo0
25071,d1oqja_,1oqj
25072,d1or7a2,1or7
25073,d1or7c_,1or7
25074,d1orja_,1orj
25075,d1osya_,1osy
25076,d1ou8a_,1ou8
25077,d1ov9a_,1ov9
25078,d1ow1a_,1ow1
25079,d1owla1,1owl
25080,d1owla2,1owl
25081,d1oxxk1,1oxx
25082,d1ozja_,1ozj
25083,d1ozna_,1ozn
25084,d1p1xa_,1p1x
25085,d1p35a_,1p35
25086,d1p5dx1,1p5d
25087,d1p5dx4,1p5d
25088,d1p6oa_,1p6o
25089,d1p90a_,1p90
25090,d1p9ga_,1p9g
25091,d1p9ya_,1p9y
25092,d1pbya5,1pby
25093,d1pbyc_,1pby
25094,d1pfoa_,1pfo
25095,d1pfva1,1pfv
25096,d1pfva3,1pfv
25097,d1pi1a_,1pi1
25098,d1pl3a_,1pl3
25099,d1pm4a_,1pm4
25100,d1pp0a_,1pp0
25101,d1ppjc1,1ppj
25102,d1ppjd2,1ppj
25103,d1ppje2,1ppj
25104,d1ppjf_,1ppj
25105,d1ppjg_,1ppj
25106,d1ppjh_,1ppj
25107,d1ppjj_,1ppj
25108,d1pprm1,1ppr
25109,d1puca_,1puc
25110,d1pv5a_,1pv5
25111,d1pvma3,1pvm
25112,d1px5a1,1px5
25113,d1pz4a_,1pz4
25114,d1q0qa1,1q0q
25115,d1q2ha_,1q2h
25116,d1q5ya_,1q5y
25117,d1q5za_,1q5z
25118,d1q6za1,1q6z
25119,d1q6za2,1q6z
25120,d1q74a_,1q74
25121,d1q88a_,1q88
25122,d1q8da_,1q8d
25123,d1q9ua_,1q9u
25124,d1qd1a1,1qd1
25125,d1qexa_,1qex
25126,d1qf8a_,1qf8
25127,d1qksa2,1qks
25128,d1qmea1,1qme
25129,d1qmha1,1qmh
25130,d1qsaa1,1qsa
25131,d1qw2a_,1qw2
25132,d1qwga_,1qwg
25133,d1r0da_,1r0d
25134,d1r0ma1,1r0m
25135,d1r0ri_,1r0r
25136,d1r0va1,1r0v
25137,d1r0va3,1r0v
25138,d1r29a_,1r29
25139,d1r5la1,1r5l
25140,d1r5la2,1r5l
25141,d1r6ja_,1r6j
25142,d1r71a_,1r71
25143,d1r7la_,1r7l
25144,d1r8se_,1r8s
25145,d1r9fa_,1r9f
25146,d1rc9a2,1rc9
25147,d1rcqa2,1rcq
25148,d1regx_,1reg
25149,d1rfya_,1rfy
25150,d1rg8a_,1rg8
25151,d1rgxa_,1rgx
25152,d1ri6a_,1ri6
25153,d1rjuv_,1rju
25154,d1rk8c_,1rk8
25155,d1rkia1,1rki
25156,d1rl6a1,1rl6
25157,d1rlra1,1rlr
25158,d1ro2a_,1ro2
25159,d1roca_,1roc
25160,d1rssa_,1rss
25161,d1rtqa_,1rtq
25162,d1rwha1,1rwh
25163,d1rwha2,1rwh
25164,d1rwia_,1rwi
25165,d1ryla_,1ryl
25166,d1ryqa_,1ryq
25167,d1s0pa_,1s0p
25168,d1s1da_,1s1d
25169,d1s2xa_,1s2x
25170,d1s7ma_,1s7m
25171,d1s7za_,1s7z
25172,d1s98a_,1s98
25173,d1s99a_,1s99
25174,d1saua_,1sau
25175,d1sbxa_,1sbx
25176,d1sdia_,1sdi
25177,d1seda_,1sed
25178,d1seia_,1sei
25179,d1sf9a_,1sf9
25180,d1sg4a1,1sg4
25181,d1sj7a1,1sj7
25182,d1sknp_,1skn
25183,d1slua_,1slu
25184,d1sr8a_,1sr8
25185,d1su8a_,1su8
25186,d1svba2,1svb
25187,d1syxb_,1syx
25188,d1sz7a_,1sz7
25189,d1szha_,1szh
25190,d1t07a_,1t07
25191,d1t11a1,1t11
25192,d1t1ea2,1t1e
25193,d1t1ua1,1t1u
25194,d1t2da2,1t2d
25195,d1t3ua_,1t3u
25196,d1t6aa_,1t6a
25197,d1t6ua_,1t6u
25198,d1t77a1,1t77
25199,d1t8ka_,1t8k
25200,d1t9ia_,1t9i
25201,d1tbfa_,1tbf
25202,d1td6a_,1td6
25203,d1tf5a1,1tf5
25204,d1tf5a2,1tf5
25205,d1tfea_,1tfe
25206,d1ti6b1,1ti6
25207,d1tifa_,1tif
25208,d1tiga_,1tig
25209,d1tjla1,1tjl
25210,d1tjxa_,1tjx
25211,d1tkea1,1tke
25212,d1tkea2,1tke
25213,d1tl2a_,1tl2
25214,d1ts9a_,1ts9
25215,d1tt8a_,1tt8
25216,d1tuka_,1tuk
25217,d1tula_,1tul
25218,d1twfc2,1twf
25219,d1twff_,1twf
25220,d1twfj_,1twf
25221,d1tx4a_,1tx4
25222,d1tzba_,1tzb
25223,d1u07a_,1u07
25224,d1u0sa_,1u0s
25225,d1u2ca2,1u2c
25226,d1u2ha_,1u2h
25227,d1u5ka2,1u5k
25228,d1u5pa1,1u5p
25229,d1u6ka_,1u6k
25230,d1u7ga_,1u7g
25231,d1u7za_,1u7z
25232,d1u84a_,1u84
25233,d1u94a2,1u94
25234,d1ucda_,1ucd
25235,d1ucsa_,1ucs
25236,d1udxa1,1udx
25237,d1udxa3,1udx
25238,d1ufia_,1ufi
25239,d1ufya_,1ufy
25240,d1ugia_,1ugi
25241,d1uj8a1,1uj8
25242,d1unqa_,1unq
25243,d1uoya_,1uoy
25244,d1uptb_,1upt
25245,d1us0a_,1us0
25246,d1us7b_,1us7
25247,d1usma_,1usm
25248,d1usub_,1usu
25249,d1ut7a_,1ut7
25250,d1utga_,1utg
25251,d1utya_,1uty
25252,d1uuja_,1uuj
25253,d1uuya_,1uuy
25254,d1uv7a_,1uv7
25255,d1uwka_,1uwk
25256,d1ux5a_,1ux5
25257,d1ux6a2,1ux6
25258,d1uxya2,1uxy
25259,d1uz3a_,1uz3
25260,d1uz5a1,1uz5
25261,d1uz5a2,1uz5
25262,d1v0wa1,1v0w
25263,d1v30a_,1v30
25264,d1v58a2,1v58
25265,d1v6pa_,1v6p
25266,d1v74b_,1v74
25267,d1v7za_,1v7z
25268,d1v8ca2,1v8c
25269,d1v9ma_,1v9m
25270,d1vaja1,1vaj
25271,d1vbwa_,1vbw
25272,d1vcca_,1vcc
25273,d1vcla3,1vcl
25274,d1vcta1,1vct
25275,d1vd6a_,1vd6
25276,d1vf6a_,1vf6
25277,d1vf7a_,1vf7
25278,d1vh4a_,1vh4
25279,d1vi6a_,1vi6
25280,d1vioa2,1vio
25281,d1vjfa_,1vjf
25282,d1vjla_,1vjl
25283,d1vk1a_,1vk1
25284,d1vk5a_,1vk5
25285,d1vkea_,1vke
25286,d1vkfa_,1vkf
25287,d1vkma_,1vkm
25288,d1vlra2,1vlr
25289,d1vlya1,1vly
25290,d1vlya2,1vly
25291,d1vmba_,1vmb
25292,d1vmha_,1vmh
25293,d1vmoa_,1vmo
25294,d1vp7a_,1vp7
25295,d1vp8a_,1vp8
25296,d1vpba_,1vpb
25297,d1vpqa_,1vpq
25298,d1vq811,1vq8
25299,d1vq821,1vq8
25300,d1vq8l1,1vq8
25301,d1vq8p1,1vq8
25302,d1vq8v1,1vq8
25303,d1vq8x1,1vq8
25304,d1vq8y1,1vq8
25305,d1vr0a1,1vr0
25306,d1vr4a1,1vr4
25307,d1vr7a_,1vr7
25308,d1vr8a1,1vr8
25309,d1vrma1,1vrm
25310,d1vyia_,1vyi
25311,d1vyra_,1vyr
25312,d1vzma_,1vzm
25313,d1vzya1,1vzy
25314,d1vzya2,1vzy
25315,d1w0na_,1w0n
25316,d1w23a_,1w23
25317,d1w53a_,1w53
25318,d1w66a1,1w66
25319,d1w6sa_,1w6s
25320,d1w6sb_,1w6s
25321,d1w7ca2,1w7c
25322,d1w85i_,1w85
25323,d1wb9a1,1wb9
25324,d1wb9a3,1wb9
25325,d1wb9a4,1wb9
25326,d1wcwa_,1wcw
25327,d1wd3a2,1wd3
25328,d1wdda1,1wdd
25329,d1wdda2,1wdd
25330,d1wdds_,1wdd
25331,d1weha_,1weh
25332,d1whia_,1whi
25333,d1whza_,1whz
25334,d1wjxa_,1wjx
25335,d1wlga_,1wlg
25336,d1wmib1,1wmi
25337,d1wn2a_,1wn2
25338,d1wnaa_,1wna
25339,d1wnya_,1wny
25340,d1wpba_,1wpb
25341,d1wpna_,1wpn
25342,d1wqga_,1wqg
25343,d1wqjb1,1wqj
25344,d1wtja_,1wtj
25345,d1wu9a1,1wu9
25346,d1wuba_,1wub
25347,d1wuil_,1wui
25348,d1wuis_,1wui
25349,d1wvfa1,1wvf
25350,d1wvqa_,1wvq
25351,d1wy5a2,1wy5
25352,d1wy6a_,1wy6
25353,d1x2ia1,1x2i
25354,d1x38a2,1x38
25355,d1x3la_,1x3l
25356,d1x6oa1,1x6o
25357,d1x6za_,1x6z
25358,d1x8qa_,1x8q
25359,d1x91a_,1x91
25360,d1x9da_,1x9d
25361,d1x9za_,1x9z
25362,d1xaka_,1xak
25363,d1xbia1,1xbi
25364,d1xdna_,1xdn
25365,d1xeoa_,1xeo
25366,d1xg0a_,1xg0
25367,d1xkpb1,1xkp
25368,d1xkra_,1xkr
25369,d1xlya_,1xly
25370,d1xm3a_,1xm3
25371,d1xmba2,1xmb
25372,d1xmka1,1xmk
25373,d1xppa_,1xpp
25374,d1xqoa_,1xqo
25375,d1xsva_,1xsv
25376,d1xsza2,1xsz
25377,d1xu1r_,1xu1
25378,d1xuba1,1xub
25379,d1xvsa_,1xvs
25380,d1y02a1,1y02
25381,d1y0na_,1y0n
25382,d1y0pa3,1y0p
25383,d1y12a1,1y12
25384,d1y5ic1,1y5i
25385,d1y6xa1,1y6x
25386,d1y9ia_,1y9i
25387,d1yb3a1,1yb3
25388,d1yc9a_,1yc9
25389,d1yfqa_,1yfq
25390,d1yfsa1,1yfs
25391,d1yk4a_,1yk4
25392,d1ylxa1,1ylx
25393,d1yoza1,1yoz
25394,d1yt3a1,1yt3
25395,d1yu0a1,1yu0
25396,d1yu5x_,1yu5
25397,d1yvra1,1yvr
25398,d1yzya1,1yzy
25399,d1z0jb1,1z0j
25400,d1z0pa1,1z0p
25401,d1z0sa_,1z0s
25402,d1z0wa_,1z0w
25403,d1z21a1,1z21
25404,d1z2ua1,1z2u
25405,d1z3eb1,1z3e
25406,d1z3xa2,1z3x
25407,d1z67a1,1z67
25408,d1z8ga2,1z8g
25409,d1z8ua_,1z8u
25410,d1z9ta_,1z9t
25411,d1zata2,1zat
25412,d1zava1,1zav
25413,d1zbpa1,1zbp
25414,d1zcea1,1zce
25415,d1zd0a1,1zd0
25416,d1zela2,1zel
25417,d1zgka1,1zgk
25418,d1zhxa_,1zhx
25419,d1zina2,1zin
25420,d1zjca1,1zjc
25421,d1zkea1,1zke
25422,d1zl0a1,1zl0
25423,d1zmec1,1zme
25424,d1zoqc_,1zoq
25425,d1zpsa1,1zps
25426,d1zsoa1,1zso
25427,d1zt3a_,1zt3
25428,d1zyma1,1zym
25429,d1zzka_,1zzk
25430,d2a1va1,2a1v
25431,d2a26a1,2a26
25432,d2a2la1,2a2l
25433,d2a65a1,2a65
25434,d2a90a1,2a90
25435,d2a9da2,2a9d
25436,d2a9sa1,2a9s
25437,d2a9ua1,2a9u
25438,d2aefa2,2aef
25439,d2ag4a_,2ag4
25440,d2ahma1,2ahm
25441,d2ahme1,2ahm
25442,d2aiba_,2aib
25443,d2aj7a1,2aj7
25444,d2ap3a1,2ap3
25445,d2apla1,2apl
25446,d2apob_,2apo
25447,d2arca_,2arc
25448,d2asba2,2asb
25449,d2aska_,2ask
25450,d2au5a1,2au5
25451,d2auwa2,2auw
25452,d2axwa1,2axw
25453,d2ayda_,2ayd
25454,d2b0aa1,2b0a
25455,d2b1ya1,2b1y
25456,d2b4jc1,2b4j
25457,d2b59b2,2b59
25458,d2b97a_,2b97
25459,d2baya_,2bay
25460,d2bbha1,2bbh
25461,d2bfdb2,2bfd
25462,d2bhua2,2bhu
25463,d2bjqa1,2bjq
25464,d2bkya_,2bky
25465,d2bl8a1,2bl8
25466,d2blna1,2bln
25467,d2blna2,2bln
25468,d2bogx_,2bog
25469,d2bopa_,2bop
25470,d2brfa1,2brf
25471,d2btia_,2bti
25472,d2bv4a_,2bv4
25473,d2bw3a1,2bw3
25474,d2bz1a_,2bz1
25475,d2c0ga1,2c0g
25476,d2c2aa1,2c2a
25477,d2c42a4,2c42
25478,d2c60a1,2c60
25479,d2c6qa_,2c6q
25480,d2c71a1,2c71
25481,d2c78a1,2c78
25482,d2c78a2,2c78
25483,d2c9wa1,2c9w
25484,d2ca5a1,2ca5
25485,d2cara1,2car
25486,d2cb8a_,2cb8
25487,d2cc6a_,2cc6
25488,d2ccva1,2ccv
25489,d2cg7a1,2cg7
25490,d2choa1,2cho
25491,d2ci1a_,2ci1
25492,d2ciwa1,2ciw
25493,d2cnqa_,2cnq
25494,d2cs7a1,2cs7
25495,d2csba5,2csb
25496,d2cu2a1,2cu2
25497,d2cvea2,2cve
25498,d2cwya1,2cwy
25499,d2cx1a2,2cx1
25500,d2cxya_,2cxy
25501,d2cyja1,2cyj
25502,d2czra1,2czr
25503,d2czvc1,2czv
25504,d2d00a1,2d00
25505,d2d0oa1,2d0o
25506,d2d1sa_,2d1s
25507,d2d28c1,2d28
25508,d2d8da1,2d8d
25509,d2d9ra1,2d9r
25510,d2db7a1,2db7
25511,d2dbsa1,2dbs
25512,d2deja2,2dej
25513,d2dewx1,2dew
25514,d2dlba1,2dlb
25515,d2dm9a1,2dm9
25516,d2dpfa_,2dpf
25517,d2dpla2,2dpl
25518,d2dsya1,2dsy
25519,d2dt8a_,2dt8
25520,d2dwka_,2dwk
25521,d2dxua2,2dxu
25522,d2e0aa1,2e0a
25523,d2e2aa_,2e2a
25524,d2e3ha1,2e3h
25525,d2e9xa1,2e9x
25526,d2e9xb2,2e9x
25527,d2ebfx1,2ebf
25528,d2ebsa1,2ebs
25529,d2ed6a1,2ed6
25530,d2eiya_,2eiy
25531,d2enda_,2end
25532,d2erla_,2erl
25533,d2es4d1,2es4
25534,d2es9a1,2es9
25535,d2euca1,2euc
25536,d2ew0a1,2ew0
25537,d2f01a_,2f01
25538,d2f22a1,2f22
25539,d2f23a1,2f23
25540,d2f2ba_,2f2b
25541,d2f2ha1,2f2h
25542,d2f4ia1,2f4i
25543,d2f4mb_,2f4m
25544,d2f5tx1,2f5t
25545,d2f69a1,2f69
25546,d2f69a2,2f69
25547,d2f6ma_,2f6m
25548,d2f9ha1,2f9h
25549,d2fb5a1,2fb5
25550,d2fcja1,2fcj
25551,d2fcla1,2fcl
25552,d2fcwa1,2fcw
25553,d2fcwb1,2fcw
25554,d2fdoa1,2fdo
25555,d2fefa1,2fef
25556,d2fefa2,2fef
25557,d2ffga1,2ffg
25558,d2fg1a_,2fg1
25559,d2fgga1,2fgg
25560,d2fgqx_,2fgq
25561,d2fhza1,2fhz
25562,d2fhzb_,2fhz
25563,d2fi0a1,2fi0
25564,d2fiya1,2fiy
25565,d2fj8a1,2fj8
25566,d2fmaa_,2fma
25567,d2fpna1,2fpn
25568,d2fqma1,2fqm
25569,d2fsqa1,2fsq
25570,d2fsua1,2fsu
25571,d2ftxa1,2ftx
25572,d2fupa1,2fup
25573,d2fvva1,2fvv
25574,d2fvya_,2fvy
25575,d2fyga1,2fyg
25576,d2fyuk_,2fyu
25577,d2fyxa1,2fyx
25578,d2fzpa1,2fzp
25579,d2fzta1,2fzt
25580,d2g03a1,2g03
25581,d2g0da_,2g0d
25582,d2g38a1,2g38
25583,d2g3ra1,2g3r
25584,d2g50a1,2g50
25585,d2g62a1,2g62
25586,d2g7oa1,2g7o
25587,d2g7sa2,2g7s
25588,d2gboa1,2gbo
25589,d2geca1,2gec
25590,d2gf4a1,2gf4
25591,d2gfqa1,2gfq
25592,d2ghvc1,2ghv
25593,d2giba1,2gib
25594,d2gjva1,2gjv
25595,d2gkga_,2gkg
25596,d2gkpa1,2gkp
25597,d2glza1,2glz
25598,d2goma1,2gom
25599,d2gpia1,2gpi
25600,d2grrb_,2grr
25601,d2gsva1,2gsv
25602,d2gtia2,2gti
25603,d2gtqa3,2gtq
25604,d2guda1,2gud
25605,d2guka1,2guk
25606,d2gyka1,2gyk
25607,d2h1ta1,2h1t
25608,d2h1va_,2h1v
25609,d2h6fa1,2h6f
25610,d2h6fb1,2h6f
25611,d2h88d_,2h88
25612,d2h8ea_,2h8e
25613,d2hbaa1,2hba
25614,d2hdza_,2hdz
25615,d2hf1a1,2hf1
25616,d2hiya1,2hiy
25617,d2hnga1,2hng
25618,d2hnua_,2hnu
25619,d2hpja_,2hpj
25620,d2hq4a1,2hq4
25621,d2hqsa1,2hqs
25622,d2hqsa2,2hqs
25623,d2hqsc_,2hqs
25624,d2hs1a_,2hs1
25625,d2huha1,2huh
25626,d2huja1,2huj
25627,d2hw4a1,2hw4
25628,d2hxma_,2hxm
25629,d2hy5a1,2hy5
25630,d2i06a_,2i06
25631,d2i0za2,2i0z
25632,d2i15a1,2i15
25633,d2i1sa1,2i1s
25634,d2i53a1,2i53
25635,d2i5ha1,2i5h
25636,d2i5ua1,2i5u
25637,d2i5vo_,2i5v
25638,d2i71a1,2i71
25639,d2i8da1,2i8d
25640,d2i9ia1,2i9i
25641,d2i9wa2,2i9w
25642,d2i9xa1,2i9x
25643,d2ia1a1,2ia1
25644,d2ia7a1,2ia7
25645,d2iafa1,2iaf
25646,d2iaya1,2iay
25647,d2ic2a1,2ic2
25648,d2icha1,2ich
25649,d2icua_,2icu
25650,d2icwg_,2icw
25651,d2idla1,2idl
25652,d2idob_,2ido
25653,d2ih2a2,2ih2
25654,d2ii1a_,2ii1
25655,d2in5a1,2in5
25656,d2inwa1,2inw
25657,d2isba_,2isb
25658,d2ivya_,2ivy
25659,d2iwka1,2iwk
25660,d2izxa_,2izx
25661,d2j4wd1,2j4w
25662,d2j5ya_,2j5y
25663,d2j6ba1,2j6b
25664,d2j73a_,2j73
25665,d2j80a_,2j80
25666,d2j8ga1,2j8g
25667,d2j8ka1,2j8k
25668,d2j97a_,2j97
25669,d2j9wa_,2j9w
25670,d2jdia1,2jdi
25671,d2jdia2,2jdi
25672,d2jdih1,2jdi
25673,d2jdqd_,2jdq
25674,d2je6a2,2je6
25675,d2je6i2,2je6
25676,d2jeka1,2jek
25677,d2jfra_,2jfr
25678,d2jgba_,2jgb
25679,d2jhfa2,2jhf
25680,d2jlia_,2jli
25681,d2liga_,2lig
25682,d2lisa_,2lis
25683,d2mcma_,2mcm
25684,d2mhra_,2mhr
25685,d2nlsa_,2nls
25686,d2nlva1,2nlv
25687,d2nmla1,2nml
25688,d2nn4a1,2nn4
25689,d2nnua_,2nnu
25690,d2nr5a1,2nr5
25691,d2nsza1,2nsz
25692,d2ntka_,2ntk
25693,d2nuga1,2nug
25694,d2nuga2,2nug
25695,d2nxpa1,2nxp
25696,d2o2ka_,2o2k
25697,d2o37a_,2o37
25698,d2o3bb_,2o3b
25699,d2o3la1,2o3l
25700,d2o5ha1,2o5h
25701,d2o6ka1,2o6k
25702,d2o70a1,2o70
25703,d2o8sa1,2o8s
25704,d2o9sa_,2o9s
25705,d2o9ux_,2o9u
25706,d2oa5a_,2oa5
25707,d2ob3a_,2ob3
25708,d2ob5a1,2ob5
25709,d2od0a1,2od0
25710,d2odka1,2odk
25711,d2oeba1,2oeb
25712,d2oeza1,2oez
25713,d2ofca_,2ofc
25714,d2ogfa_,2ogf
25715,d2ohwa1,2ohw
25716,d2oizd_,2oiz
25717,d2okua1,2oku
25718,d2oqza_,2oqz
25719,d2ot3a_,2ot3
25720,d2otaa1,2ota
25721,d2ou3a1,2ou3
25722,d2ouxa1,2oux
25723,d2ov0a_,2ov0
25724,d2ox7a1,2ox7
25725,d2oy9a1,2oy9
25726,d2p0ta1,2p0t
25727,d2p12a1,2p12
25728,d2p1ma2,2p1m
25729,d2p3pa1,2p3p
25730,d2p3ya1,2p3y
25731,d2p62a1,2p62
25732,d2p6va1,2p6v
25733,d2p74a_,2p74
25734,d2p8ia_,2p8i
25735,d2p8qb_,2p8q
25736,d2p8ta2,2p8t
25737,d2p90a1,2p90
25738,d2pbka_,2pbk
25739,d2phcb2,2phc
25740,d2phna_,2phn
25741,d2pifa1,2pif
25742,d2pjua1,2pju
25743,d2pk8a_,2pk8
25744,d2pmra1,2pmr
25745,d2ppva_,2ppv
25746,d2prva1,2prv
25747,d2psba1,2psb
25748,d2pspa1,2psp
25749,d2pstx_,2pst
25750,d2pu9a_,2pu9
25751,d2pv4a1,2pv4
25752,d2pvba_,2pvb
25753,d2pwwa1,2pww
25754,d2pyqa1,2pyq
25755,d2q03a1,2q03
25756,d2q0zx1,2q0z
25757,d2q22a1,2q22
25758,d2q2ga1,2q2g
25759,d2q66a3,2q66
25760,d2q6ka1,2q6k
25761,d2q6ka2,2q6k
25762,d2qdla_,2qdl
25763,d2qhfa_,2qhf
25764,d2qklb_,2qkl
25765,d2qn6b_,2qn6
25766,d2qsba1,2qsb
25767,d2quda_,2qud
25768,d2qupa_,2qup
25769,d2r0xa_,2r0x
25770,d2r31a_,2r31
25771,d2r4qa1,2r4q
25772,d2r7511,2r75
25773,d2r7512,2r75
25774,d2rbka_,2rbk
25775,d2rdea1,2rde
25776,d2rfra1,2rfr
25777,d2rh2a_,2rh2
25778,d2rk3a_,2rk3
25779,d2rkqa_,2rkq
25780,d2rlda1,2rld
25781,d2saka_,2sak
25782,d2sici_,2sic
25783,d2tpsa_,2tps
25784,d2uv4a_,2uv4
25785,d2v3za1,2v3z
25786,d2v6xa_,2v6x
25787,d2v89a_,2v89
25788,d2v8ta_,2v8t
25789,d2v9la_,2v9l
25790,d2vb1a_,2vb1
25791,d2vbua_,2vbu
25792,d2vdra_,2vdr
25793,d2vfxa_,2vfx
25794,d2vhka_,2vhk
25795,d2vn6b_,2vn6
25796,d2vu9a2,2vu9
25797,d2vxna_,2vxn
25798,d2w1va_,2w1v
25799,d2w6ka1,2w6k
25800,d2wbma1,2wbm
25801,d2wbma2,2wbm
25802,d2wdsa_,2wds
25803,d2we5a_,2we5
25804,d2wfia_,2wfi
25805,d2wjnh1,2wjn
25806,d2wjnl_,2wjn
25807,d2wkxa1,2wkx
25808,d2wlva_,2wlv
25809,d2wn9a_,2wn9
25810,d2wnpf_,2wnp
25811,d2wnva_,2wnv
25812,d2woea_,2woe
25813,d2wqka_,2wqk
25814,d2wura_,2wur
25815,d2wyta_,2wyt
25816,d2wzka_,2wzk
25817,d2x42a3,2x42
25818,d2x5oa1,2x5o
25819,d2x5oa2,2x5o
25820,d2x5oa3,2x5o
25821,d2xdwa1,2xdw
25822,d2xhia1,2xhi
25823,d2xi8a_,2xi8
25824,d2xjpa_,2xjp
25825,d2xola_,2xol
25826,d2xova_,2xov
25827,d2xu3a_,2xu3
25828,d2xw6a_,2xw6
25829,d2xzga1,2xzg
25830,d2y0ta_,2y0t
25831,d2y5fl_,2y5f
25832,d2y71a_,2y71
25833,d2y8ya1,2y8y
25834,d2yima_,2yim
25835,d2ykza_,2ykz
25836,d2ylba_,2ylb
25837,d2z0aa_,2z0a
25838,d2z16a_,2z16
25839,d2z51a1,2z51
25840,d2z7fi_,2z7f
25841,d2za4b_,2za4
25842,d2zcwa2,2zcw
25843,d2zhja_,2zhj
25844,d2zw2a_,2zw2
25845,d3a02a_,3a02
25846,d3a38a_,3a38
25847,d3a4ra_,3a4r
25848,d3a9sa1,3a9s
25849,d3a9sa2,3a9s
25850,d3aa0a_,3aa0
25851,d3ag3c_,3ag3
25852,d3ag3d_,3ag3
25853,d3ag3e_,3ag3
25854,d3ag3g_,3ag3
25855,d3ag3h_,3ag3
25856,d3ag3i_,3ag3
25857,d3ag3j_,3ag3
25858,d3ag3k_,3ag3
25859,d3ag3l_,3ag3
25860,d3ag3m_,3ag3
25861,d3agna_,3agn
25862,d3amra_,3amr
25863,d3ar4a2,3ar4
25864,d3ar4a4,3ar4
25865,d3arcb_,3arc
25866,d3arce_,3arc
25867,d3arch_,3arc
25868,d3arci_,3arc
25869,d3arcj_,3arc
25870,d3arck_,3arc
25871,d3arcl_,3arc
25872,d3arcm_,3arc
25873,d3arcz_,3arc
25874,d3awua_,3awu
25875,d3awub_,3awu
25876,d3axja_,3axj
25877,d3b0ga1,3b0g
25878,d3b0ga2,3b0g
25879,d3b64a_,3b64
25880,d3bb0a_,3bb0
25881,d3bbba_,3bbb
25882,d3bhda_,3bhd
25883,d3bhpa_,3bhp
25884,d3bi1a1,3bi1
25885,d3bi1a2,3bi1
25886,d3bn0a1,3bn0
25887,d3boea_,3boe
25888,d3bofa2,3bof
25889,d3bp3a_,3bp3
25890,d3bqoa_,3bqo
25891,d3brda3,3brd
25892,d3bula1,3bul
25893,d3buxb2,3bux
25894,d3bvua1,3bvu
25895,d3bvua2,3bvu
25896,d3bwha_,3bwh
25897,d3bwud_,3bwu
25898,d3bypa1,3byp
25899,d3byqa1,3byq
25900,d3bz7a1,3bz7
25901,d3bzka3,3bzk
25902,d3c7xa_,3c7x
25903,d3c8ga1,3c8g
25904,d3c8wa1,3c8w
25905,d3c8ya1,3c8y
25906,d3c9ua1,3c9u
25907,d3c9ua2,3c9u
25908,d3ccda_,3ccd
25909,d3ci0k1,3ci0
25910,d3ci3a_,3ci3
25911,d3cima_,3cim
25912,d3cjsb1,3cjs
25913,d3cr3a1,3cr3
25914,d3ct6a1,3ct6
25915,d3cu9a_,3cu9
25916,d3cwca_,3cwc
25917,d3czza_,3czz
25918,d3d06a_,3d06
25919,d3d36c_,3d36
25920,d3d3ba_,3d3b
25921,d3d3ra1,3d3r
25922,d3db7a_,3db7
25923,d3dbya1,3dby
25924,d3ddta_,3ddt
25925,d3dgpb_,3dgp
25926,d3dk9a3,3dk9
25927,d3dkma_,3dkm
25928,d3dnfa_,3dnf
25929,d3dnja_,3dnj
25930,d3dxra_,3dxr
25931,d3e9va1,3e9v
25932,d3ea6a1,3ea6
25933,d3ea6a2,3ea6
25934,d3eeqa2,3eeq
25935,d3eera_,3eer
25936,d3eipa_,3eip
25937,d3eoja_,3eoj
25938,d3epwa_,3epw
25939,d3essa_,3ess
25940,d3eyea_,3eye
25941,d3f0da_,3f0d
25942,d3f0pa2,3f0p
25943,d3f42a_,3f42
25944,d3f6ya_,3f6y
25945,d3faua_,3fau
25946,d3fila_,3fil
25947,d3fsoa_,3fso
25948,d3fsta_,3fst
25949,d3ft1a_,3ft1
25950,d3fx7a_,3fx7
25951,d3fxka2,3fxk
25952,d3fyba_,3fyb
25953,d3g0ma_,3g0m
25954,d3g21a_,3g21
25955,d3g91a_,3g91
25956,d3ge3c_,3ge3
25957,d3ge3e_,3ge3
25958,d3giua_,3giu
25959,d3gmxa_,3gmx
25960,d3gp6a_,3gp6
25961,d3gwkc_,3gwk
25962,d3h0na_,3h0n
25963,d3h1da_,3h1d
25964,d3h63a_,3h63
25965,d3h7ia1,3h7i
25966,d3h7ia2,3h7i
25967,d3hhta_,3hht
25968,d3hlxa_,3hlx
25969,d3hmsa_,3hms
25970,d3hwua_,3hwu
25971,d3i94a_,3i94
25972,d3ieza_,3iez
25973,d3ijwa_,3ijw
25974,d3ilwa_,3ilw
25975,d3ip0a_,3ip0
25976,d3ip4c_,3ip4
25977,d3ivva_,3ivv
25978,d3jqka_,3jqk
25979,d3ju4a1,3ju4
25980,d3ju4a2,3ju4
25981,d3jvla_,3jvl
25982,d3k2za2,3k2z
25983,d3k34a_,3k34
25984,d3k6ia_,3k6i
25985,d3k7pa_,3k7p
25986,d3klra_,3klr
25987,d3ksna_,3ksn
25988,d3ku3a_,3ku3
25989,d3kwda_,3kwd
25990,d3kxsa_,3kxs
25991,d3l00a2,3l00
25992,d3l51b_,3l51
25993,d3l5oa_,3l5o
25994,d3l8wa1,3l8w
25995,d3lasa_,3las
25996,d3ldqb_,3ldq
25997,d3llpa1,3llp
25998,d3lmna_,3lmn
25999,d3lvjc_,3lvj
26000,d3lyea_,3lye
26001,d3m4ia_,3m4i
26002,d3m5qa_,3m5q
26003,d3m7va2,3m7v
26004,d3m9qa_,3m9q
26005,d3mcwa_,3mcw
26006,d3mg3a1,3mg3
26007,d3mhra_,3mhr
26008,d3mmha_,3mmh
26009,d3mqda1,3mqd
26010,d3mzfa2,3mzf
26011,d3n08a_,3n08
26012,d3n2wa_,3n2w
26013,d3n4ja_,3n4j
26014,d3nfta_,3nft
26015,d3nira_,3nir
26016,d3ntua1,3ntu
26017,d3nvsa_,3nvs
26018,d3o4pa_,3o4p
26019,d3o6ca_,3o6c
26020,d3og2a3,3og2
26021,d3ojca1,3ojc
26022,d3omya_,3omy
26023,d3orsa_,3ors
26024,d3os4a1,3os4
26025,d3os4a2,3os4
26026,d3osea_,3ose
26027,d3osxa_,3osx
26028,d3oxpa_,3oxp
26029,d3pbta1,3pbt
26030,d3pc7a_,3pc7
26031,d3pdfa1,3pdf
26032,d3piwa_,3piw
26033,d3pkza_,3pkz
26034,d3pmsa1,3pms
26035,d3proc1,3pro
26036,d3psma_,3psm
26037,d3pzwa2,3pzw
26038,d3q20a_,3q20
26039,d3q46a_,3q46
26040,d3qm9a_,3qm9
26041,d3qora_,3qor
26042,d3qpaa_,3qpa
26043,d3qq8a2,3qq8
26044,d3qzba_,3qzb
26045,d3qzma_,3qzm
26046,d3r72a_,3r72
26047,d3r87a_,3r87
26048,d3r8ja_,3r8j
26049,d3rf3a1,3rf3
26050,d3rjsa_,3rjs
26051,d3rlff1,3rlf
26052,d3rlff2,3rlf
26053,d3rloa1,3rlo
26054,d3rofa_,3rof
26055,d3rq7a1,3rq7
26056,d3rssa1,3rss
26057,d3rvca_,3rvc
26058,d3rzna_,3rzn
26059,d3s4ea_,3s4e
26060,d3s4ya1,3s4y
26061,d3s4ya2,3s4y
26062,d3s8ga_,3s8g
26063,d3s8gb1,3s8g
26064,d3s8gc_,3s8g
26065,d3s9za_,3s9z
26066,d3sjld_,3sjl
26067,d3sk7a_,3sk7
26068,d3swoa1,3swo
26069,d3swoa2,3swo
26070,d3sxua_,3sxu
26071,d3t0ha_,3t0h
26072,d3t2ca_,3t2c
26073,d3t3la_,3t3l
26074,d3t63a_,3t63
26075,d3tg0a_,3tg0
26076,d3tn2a_,3tn2
26077,d3tvji_,3tvj
26078,d3u1ua_,3u1u
26079,d3u7qa_,3u7q
26080,d3u81a_,3u81
26081,d3u9wa1,3u9w
26082,d3uawa_,3uaw
26083,d3ucia_,3uci
26084,d3ueja_,3uej
26085,d3ugja2,3ugj
26086,d3ui4a_,3ui4
26087,d3ulja_,3ulj
26088,d3umha_,3umh
26089,d3v5wg_,3v5w
26090,d3vdpa_,3vdp
26091,d3w07a_,3w07
26092,d3w5ha1,3w5h
26093,d3w5ha2,3w5h
26094,d3wcqa_,3wcq
26095,d3zhoa_,3zho
26096,d3zqua_,3zqu
26097,d3zsja_,3zsj
26098,d3zuca_,3zuc
26099,d3zyla2,3zyl
26100,d3zyqa1,3zyq
26101,d4a02a_,4a02
26102,d4a1ia1,4a1i
26103,d4a1ia2,4a1i
26104,d4a2va_,4a2v
26105,d4a5sa1,4a5s
26106,d4a82a1,4a82
26107,d4a8ua_,4a8u
26108,d4ac7a_,4ac7
26109,d4ac7b_,4ac7
26110,d4acfa1,4acf
26111,d4af1a1,4af1
26112,d4af1a2,4af1
26113,d4affa_,4aff
26114,d4agha_,4agh
26115,d4aiwa_,4aiw
26116,d4al0a_,4al0
26117,d4atma_,4atm
26118,d4au1a_,4au1
26119,d4axoa_,4axo
26120,d4ay0a2,4ay0
26121,d4ay7a_,4ay7
26122,d4b4ua1,4b4u
26123,d4dhla1,4dhl
26124,d4dnda_,4dnd
26125,d4doia_,4doi
26126,d4drib_,4dri
26127,d4duia_,4dui
26128,d4dwra_,4dwr
26129,d4e29a_,4e29
26130,d4e2va_,4e2v
26131,d4e3ya_,4e3y
26132,d4e4ra_,4e4r
26133,d4eada1,4ead
26134,d4eada2,4ead
26135,d4eada3,4ead
26136,d4ee6a_,4ee6
26137,d4egua_,4egu
26138,d4emta_,4emt
26139,d4enea_,4ene
26140,d4eo7a_,4eo7
26141,d4eqpa_,4eqp
26142,d4esma_,4esm
26143,d4espa_,4esp
26144,d4f01a1,4f01
26145,d4f01a2,4f01
26146,d4f19a_,4f19
26147,d4fhrb_,4fhr
26148,d4fioa_,4fio
26149,d4fw1a2,4fw1
26150,d4fyxb1,4fyx
26151,d4fyxb2,4fyx
26152,d4g1qa1,4g1q
26153,d4g3na_,4g3n
26154,d4g78a_,4g78
26155,d4gmua1,4gmu
26156,d4gt9a_,4gt9
26157,d4gv2a1,4gv2
26158,d4gwba_,4gwb
26159,d4gwga2,4gwg
26160,d4h27a_,4h27
26161,d4h6ca_,4h6c
26162,d4h8ea_,4h8e
26163,d4hdra_,4hdr
26164,d4heia_,4hei
26165,d4hl2a_,4hl2
26166,d4hlsa_,4hls
26167,d4hs1a_,4hs1
26168,d4htga2,4htg
26169,d4hwsa2,4hws
26170,d4hwwa_,4hww
26171,d4hy4a_,4hy4
26172,d4i6ya2,4i6y
26173,d4i7ea_,4i7e
26174,d4i8ha_,4i8h
26175,d4i9oa_,4i9o
26176,d4iaua_,4iau
26177,d4j7da_,4j7d
26178,d4j9yb_,4j9y
26179,d4jera_,4jer
26180,d4jp6a_,4jp6
26181,d4jw0a_,4jw0
26182,d4jxqa_,4jxq
26183,d4kefa_,4kef
26184,d4klia1,4kli
26185,d4klia2,4kli
26186,d4lera_,4ler
26187,d4lrsa2,4lrs
26188,d4lwra_,4lwr
26189,d4mf5a2,4mf5
26190,d4mjra1,4mjr
26191,d4sgbi_,4sgb
26192,e1gk9.1,1gk9
26193,e1gk9.1,1gk9
26194,e1mtp.1,1mtp
26195,e1mtp.1,1mtp
26196,e1n13.1,1n13
26197,e1n13.1,1n13
26198,e1qd6.1,1qd6
26199,e1qqp.1,1qqp
26200,e1qtn.1,1qtn
26201,e1qtn.1,1qtn
